timestamp,value,ID01002312,ID00186575,ID00186100,ID00183109,GM0000033031,CM0000013263
2015/12/28,348.5,9743,84,255,85.36,304,44.4
2015/12/29,347,9743,84,255,85.36,304,44.4
2015/12/30,356,9743,84,255,85.36,304,44.4
2015/12/31,359.5,9743,84,255,85.36,229,41.1
2016/1/4,365,9743,75,264,84.1,229,41.1
2016/1/5,375,9743,75,264,84.1,229,41.1
2016/1/6,363,9743,75,264,84.1,229,41.1
2016/1/7,352.5,9743,75,264,84.1,229,41.1
2016/1/8,350,9743,75,264,84.1,229,41.1
2016/1/11,335,9906,85,254,85.32,229,41.1
2016/1/12,318.5,9906,85,254,85.32,229,41.1
2016/1/13,324,9906,85,254,85.32,229,41.1
2016/1/14,318,9906,85,254,85.32,229,41.1
2016/1/15,318,9906,85,254,85.32,229,41.1
2016/1/18,294.5,10063,72,258,84.69,229,41.1
2016/1/19,298,10063,72,258,84.69,229,41.1
2016/1/20,291,10063,72,258,84.69,229,41.1
2016/1/21,290,10063,72,258,84.69,229,41.1
2016/1/22,292.5,10063,72,258,84.69,229,41.1
2016/1/25,291,10005,57,256,84.23,229,41.1
2016/1/26,295,10005,57,256,84.23,229,41.1
2016/1/27,299,10005,57,256,84.23,229,41.1
2016/1/28,295.5,10005,57,256,84.23,229,41.1
2016/1/29,297,10005,57,256,84.23,229,41.1
2016/2/1,300,9841,57,245,84.39,269,42.4
2016/2/2,300.5,9841,57,245,84.39,269,42.4
2016/2/3,303.5,9841,57,245,84.39,269,42.4
2016/2/4,310.5,9841,57,245,84.39,269,42.4
2016/2/5,307.5,9841,57,245,84.39,269,42.4
2016/2/15,309,9657,52,278,84.53,269,42.4
2016/2/16,308.5,9657,52,278,84.53,269,42.4
2016/2/17,307,9657,52,278,84.53,269,42.4
2016/2/18,312.5,9657,52,278,84.53,269,42.4
2016/2/19,316.5,9657,52,278,84.53,269,42.4
2016/2/22,330,9813,58,235,84.39,269,42.4
2016/2/23,329.5,9813,58,235,84.39,269,42.4
2016/2/24,331.5,9813,58,235,84.39,269,42.4
2016/2/25,329.5,9813,58,235,84.39,269,42.4
2016/2/26,325.5,9813,58,235,84.39,269,42.4
2016/2/29,331,9819,61,269,84.85,133,45.1
2016/3/1,340,9819,61,269,84.85,133,45.1
2016/3/2,350.5,9819,61,269,84.85,133,45.1
2016/3/3,348,9819,61,269,84.85,133,45.1
2016/3/4,356,9819,61,269,84.85,133,45.1
2016/3/7,367.5,9786,65,261,87.54,133,45.1
2016/3/8,382,9786,65,261,87.54,133,45.1
2016/3/9,362,9786,65,261,87.54,133,45.1
2016/3/10,366,9786,65,261,87.54,133,45.1
2016/3/11,364,9786,65,261,87.54,133,45.1
2016/3/14,359,9695,66,272,88.49,133,45.1
2016/3/15,347.5,9695,66,272,88.49,133,45.1
2016/3/16,361.5,9695,66,272,88.49,133,45.1
2016/3/17,375,9695,66,272,88.49,133,45.1
2016/3/18,391,9695,66,272,88.49,133,45.1
2016/3/21,398,9750,80,261.8,88.33,133,45.1
2016/3/22,391,9750,80,261.8,88.33,133,45.1
2016/3/23,388,9750,80,261.8,88.33,133,45.1
2016/3/24,367.5,9750,80,261.8,88.33,133,45.1
2016/3/25,370,9750,80,261.8,88.33,133,45.1
2016/3/28,358,9631,67,260.6,88.79,133,45.1
2016/3/29,360,9631,67,260.6,88.79,133,45.1
2016/3/30,357,9631,67,260.6,88.79,133,45.1
2016/3/31,358,9631,67,260.6,88.79,197,50.2
2016/4/1,363,9631,67,260.6,88.79,197,50.2
2016/4/5,360,9943,76,252,88.49,197,50.2
2016/4/6,354,9943,76,252,88.49,197,50.2
2016/4/7,356.5,9943,76,252,88.49,197,50.2
2016/4/8,355,9943,76,252,88.49,197,50.2
2016/4/11,365,10072,76,255,88.49,197,50.2
2016/4/12,385,10072,76,255,88.49,197,50.2
2016/4/13,390,10072,76,255,88.49,197,50.2
2016/4/14,388,10072,76,255,88.49,197,50.2
2016/4/15,380.5,10072,76,255,88.49,197,50.2
2016/4/18,394.5,9914,67,271,89.42,197,50.2
2016/4/19,404,9914,67,271,89.42,197,50.2
2016/4/20,423,9914,67,271,89.42,197,50.2
2016/4/21,441,9914,67,271,89.42,197,50.2
2016/4/22,439.5,9914,67,271,89.42,197,50.2
2016/4/25,436,9939,75,279,89.74,197,50.2
2016/4/26,417,9939,75,279,89.74,197,50.2
2016/4/27,401.5,9939,75,279,89.74,197,50.2
2016/4/28,408,9939,75,279,89.74,197,50.2
2016/4/29,426.5,9939,75,279,89.74,197,50.2
2016/5/3,405,10008,81,263.5,90.06,255,55.3
2016/5/4,398.5,10008,81,263.5,90.06,255,55.3
2016/5/5,383,10008,81,263.5,90.06,255,55.3
2016/5/6,386.5,10008,81,263.5,90.06,255,55.3
2016/5/9,359.5,10067,78,255.7,90.69,255,55.3
2016/5/10,357,10067,78,255.7,90.69,255,55.3
2016/5/11,358,10067,78,255.7,90.69,255,55.3
2016/5/12,347,10067,78,255.7,90.69,255,55.3
2016/5/13,336,10067,78,255.7,90.69,255,55.3
2016/5/16,340,9937,80,264.2,91.95,255,55.3
2016/5/17,357,9937,80,264.2,91.95,255,55.3
2016/5/18,346,9937,80,264.2,91.95,255,55.3
2016/5/19,341,9937,80,264.2,91.95,255,55.3
2016/5/20,348,9937,80,264.2,91.95,255,55.3
2016/5/23,327,10178,80,270.1,92.58,255,55.3
2016/5/24,326,10178,80,270.1,92.58,255,55.3
2016/5/25,320.5,10178,80,270.1,92.58,255,55.3
2016/5/26,324,10178,80,270.1,92.58,255,55.3
2016/5/27,327.5,10178,80,270.1,92.58,255,55.3
2016/5/30,324.5,10186,61,265.5,92.74,255,55.3
2016/5/31,323,10186,61,265.5,92.74,193,57.6
2016/6/1,325,10186,61,265.5,92.74,193,57.6
2016/6/2,322.5,10186,61,265.5,92.74,193,57.6
2016/6/3,326.5,10186,61,265.5,92.74,193,57.6
2016/6/6,342,10017,60,259.8,92.58,193,57.6
2016/6/7,343,10017,60,259.8,92.58,193,57.6
2016/6/8,339.5,10017,60,259.8,92.58,193,57.6
2016/6/13,345.5,10017,49,261.7,91.64,193,57.6
2016/6/14,332,10017,49,261.7,91.64,193,57.6
2016/6/15,333.5,10017,49,261.7,91.64,193,57.6
2016/6/16,338.5,10017,49,261.7,91.64,193,57.6
2016/6/17,344.5,10017,49,261.7,91.64,193,57.6
2016/6/20,342,10057,70,239.6,85.96,193,57.6
2016/6/21,345.5,10057,70,239.6,85.96,193,57.6
2016/6/22,356.5,10057,70,239.6,85.96,193,57.6
2016/6/23,357,10057,70,239.6,85.96,193,57.6
2016/6/24,352.5,10057,70,239.6,85.96,193,57.6
2016/6/27,376.5,10268,75,255.4,90.69,193,57.6
2016/6/28,384,10268,75,255.4,90.69,193,57.6
2016/6/29,386.5,10268,75,255.4,90.69,193,57.6
2016/6/30,397.5,10268,75,255.4,90.69,45,55.3
2016/7/1,391.5,10268,75,255.4,90.69,45,55.3
2016/7/4,407,10461,84,266.4,91.01,45,55.3
2016/7/5,409.5,10461,84,266.4,91.01,45,55.3
2016/7/6,395.5,10461,84,266.4,91.01,45,55.3
2016/7/7,393,10461,84,266.4,91.01,45,55.3
2016/7/8,395.5,10461,84,266.4,91.01,45,55.3
2016/7/11,395.5,10657,89,255,90.69,45,55.3
2016/7/12,416,10657,89,255,90.69,45,55.3
2016/7/13,414.5,10657,89,255,90.69,45,55.3
2016/7/14,420,10657,89,255,90.69,45,55.3
2016/7/15,417.5,10657,89,255,90.69,45,55.3
2016/7/18,390.5,10840,81,267.5,89.58,45,55.3
2016/7/19,386.5,10840,81,267.5,89.58,45,55.3
2016/7/20,387,10840,81,267.5,89.58,45,55.3
2016/7/21,405,10840,81,267.5,89.58,45,55.3
2016/7/22,388,10840,81,267.5,89.58,45,55.3
2016/7/25,397,10884,70,258.8,89.74,45,55.3
2016/7/26,399.5,10884,70,258.8,89.74,45,55.3
2016/7/27,418.5,10884,70,258.8,89.74,45,55.3
2016/7/28,428,10884,70,258.8,89.74,45,55.3
2016/7/29,417,10884,70,258.8,89.74,45,55.3
2016/8/1,437,10864,64,254.6,89.11,246,51.3
2016/8/2,439,10864,64,254.6,89.11,246,51.3
2016/8/3,438,10864,64,254.6,89.11,246,51.3
2016/8/4,425.5,10864,64,254.6,89.11,246,51.3
2016/8/5,443.5,10864,64,254.6,89.11,246,51.3
2016/8/8,452,10821,70,254.8,91.01,246,51.3
2016/8/9,450,10821,70,254.8,91.01,246,51.3
2016/8/10,442,10821,70,254.8,91.01,246,51.3
2016/8/11,431,10821,70,254.8,91.01,246,51.3
2016/8/12,432,10821,70,254.8,91.01,246,51.3
2016/8/15,421.5,10754,78,259.2,91.95,246,51.3
2016/8/16,438,10754,78,259.2,91.95,246,51.3
2016/8/17,426.5,10754,78,259.2,91.95,246,51.3
2016/8/18,437,10754,78,259.2,91.95,246,51.3
2016/8/19,444.5,10754,78,259.2,91.95,246,51.3
2016/8/22,443.5,10641,70,259.3,91.64,246,51.3
2016/8/23,456.5,10641,70,259.3,91.64,246,51.3
2016/8/24,456,10641,70,259.3,91.64,246,51.3
2016/8/25,442,10641,70,259.3,91.64,246,51.3
2016/8/26,431,10641,70,259.3,91.64,246,51.3
2016/8/29,421,10540,67,269,92.1,246,51.3
2016/8/30,418,10540,67,269,92.1,246,51.3
2016/8/31,412.5,10540,67,269,92.1,374,54.6
2016/9/1,417.5,10540,67,269,92.1,374,54.6
2016/9/2,419.5,10540,67,269,92.1,374,54.6
2016/9/5,418.5,10424,77,270.2,90.69,374,54.6
2016/9/6,424,10424,77,270.2,90.69,374,54.6
2016/9/7,407.5,10424,77,270.2,90.69,374,54.6
2016/9/8,408.5,10424,77,270.2,90.69,374,54.6
2016/9/9,408.5,10424,77,270.2,90.69,374,54.6
2016/9/12,398,10346,78,271.5,91.95,374,54.6
2016/9/13,393.5,10346,78,271.5,91.95,374,54.6
2016/9/14,393.5,10346,78,271.5,91.95,374,54.6
2016/9/19,393.5,10346,68,269.8,92.26,374,54.6
2016/9/20,397.5,10346,68,269.8,92.26,374,54.6
2016/9/21,399,10346,68,269.8,92.26,374,54.6
2016/9/22,408,10346,68,269.8,92.26,374,54.6
2016/9/23,413.5,10346,68,269.8,92.26,374,54.6
2016/9/26,411.5,10272,95,252,91.8,374,54.6
2016/9/27,406,10272,95,252,91.8,374,54.6
2016/9/28,413,10272,95,252,91.8,374,54.6
2016/9/29,413.5,10272,95,252,91.8,374,54.6
2016/9/30,404.5,10272,95,252,91.8,142,57.2
2016/10/10,412.5,10648,72,262,90.85,142,57.2
2016/10/11,422,10648,72,262,90.85,142,57.2
2016/10/12,428,10648,72,262,90.85,142,57.2
2016/10/13,427,10648,72,262,90.85,142,57.2
2016/10/14,438.5,10648,72,262,90.85,142,57.2
2016/10/17,442,10568,81,275.3,90.06,142,57.2
2016/10/18,437.5,10568,81,275.3,90.06,142,57.2
2016/10/19,436,10568,81,275.3,90.06,142,57.2
2016/10/20,443.5,10568,81,275.3,90.06,142,57.2
2016/10/21,444.5,10568,81,275.3,90.06,142,57.2
2016/10/24,454,10686,88,268,90.53,142,57.2
2016/10/25,471.5,10686,88,268,90.53,142,57.2
2016/10/26,474,10686,88,268,90.53,142,57.2
2016/10/27,478.5,10686,88,268,90.53,142,57.2
2016/10/28,494,10686,88,268,90.53,142,57.2
2016/10/31,502,10829,67,279.6,89.42,305,57.5
2016/11/1,502,10829,67,279.6,89.42,305,57.5
2016/11/2,491.5,10829,67,279.6,89.42,305,57.5
2016/11/3,500.5,10829,67,279.6,89.42,305,57.5
2016/11/4,500,10829,67,279.6,89.42,305,57.5
2016/11/7,520,11119,70,280.16,88.49,305,57.5
2016/11/8,519,11119,70,280.16,88.49,305,57.5
2016/11/9,551.5,11119,70,280.16,88.49,305,57.5
2016/11/10,588,11119,70,280.16,88.49,305,57.5
2016/11/11,614.5,11119,70,280.16,88.49,305,57.5
2016/11/14,627,10909,87,283.9,88.33,305,57.5
2016/11/15,591,10909,87,283.9,88.33,305,57.5
2016/11/16,577,10909,87,283.9,88.33,305,57.5
2016/11/17,577,10909,87,283.9,88.33,305,57.5
2016/11/18,551,10909,87,283.9,88.33,305,57.5
2016/11/21,552.5,11135,67,276.9,87.7,305,57.5
2016/11/22,580.5,11135,67,276.9,87.7,305,57.5
2016/11/23,616.5,11135,67,276.9,87.7,305,57.5
2016/11/24,622,11135,67,276.9,87.7,305,57.5
2016/11/25,653.5,11135,67,276.9,87.7,305,57.5
2016/11/28,660.5,11073,72,262.5,87.38,305,57.5
2016/11/29,625.5,11073,72,262.5,87.38,305,57.5
2016/11/30,598,11073,72,262.5,87.38,99,62.6
2016/12/1,646,11073,72,262.5,87.38,99,62.6
2016/12/2,631,11073,72,262.5,87.38,99,62.6
2016/12/5,649.5,11212,75,268.2,86.59,99,62.6
2016/12/6,652,11212,75,268.2,86.59,99,62.6
2016/12/7,690,11212,75,268.2,86.59,99,62.6
2016/12/8,682.5,11212,75,268.2,86.59,99,62.6
2016/12/9,668.5,11212,75,268.2,86.59,99,62.6
2016/12/12,685.5,11243,68,272.9,86.27,99,62.6
2016/12/13,693,11243,68,272.9,86.27,99,62.6
2016/12/14,661,11243,68,272.9,86.27,99,62.6
2016/12/15,669.5,11243,68,272.9,86.27,99,62.6
2016/12/16,661.5,11243,68,272.9,86.27,99,62.6
2016/12/19,653.5,11299,78,272.2,85.8,99,62.6
2016/12/20,658.5,11299,78,272.2,85.8,99,62.6
2016/12/21,663.5,11299,78,272.2,85.8,99,62.6
2016/12/22,657,11299,78,272.2,85.8,99,62.6
2016/12/23,667,11299,78,272.2,85.8,99,62.6
2016/12/26,661,11165,95,231.9,82.49,99,62.6
2016/12/27,660,11165,95,231.9,82.49,99,62.6
2016/12/28,650,11165,95,231.9,82.49,99,62.6
2016/12/29,644,11165,95,231.9,82.49,99,62.6
2016/12/30,668,11165,95,231.9,82.49,99,62.6
2017/1/3,655,11439,79,261.1,84.85,117,68.3
2017/1/4,660,11439,79,261.1,84.85,117,68.3
2017/1/5,660,11439,79,261.1,84.85,117,68.3
2017/1/6,669,11439,79,261.1,84.85,117,68.3
2017/1/9,667,11732,71,249.9,82.49,117,68.3
2017/1/10,683,11732,71,249.9,82.49,117,68.3
2017/1/11,657,11732,71,249.9,82.49,117,68.3
2017/1/12,685,11732,71,249.9,82.49,117,68.3
2017/1/13,700,11732,71,249.9,82.49,117,68.3
2017/1/16,690,11899,102,269.2,82.65,117,68.3
2017/1/17,557,11899,102,269.2,82.65,117,68.3
2017/1/18,555.5,11899,102,269.2,82.65,117,68.3
2017/1/19,554,11899,102,269.2,82.65,117,68.3
2017/1/20,530,11899,102,269.2,82.65,117,68.3
2017/1/23,526.5,11951,84,292.2,84.39,117,68.3
2017/1/24,559,11951,84,292.2,84.39,117,68.3
2017/1/25,556,11951,84,292.2,84.39,117,68.3
2017/1/26,570,11951,84,292.2,84.39,117,68.3
2017/2/3,527,11951,68,292.2,84.39,225,69.6
2017/2/6,517.5,11951,73,292.2,85.32,225,69.6
2017/2/7,531.5,11951,73,292.2,85.32,225,69.6
2017/2/8,542,11951,73,292.2,85.32,225,69.6
2017/2/9,542.5,11951,73,292.2,85.32,225,69.6
2017/2/10,570.5,11951,73,292.2,85.32,225,69.6
2017/2/13,610,12820,73,278.1,85.48,225,69.6
2017/2/14,613.5,12820,73,278.1,85.48,225,69.6
2017/2/15,600,12820,73,278.1,85.48,225,69.6
2017/2/16,594,12820,73,278.1,85.48,225,69.6
2017/2/17,603.5,12820,73,278.1,85.48,225,69.6
2017/2/20,615,12931,83,267.2,86.53,225,69.6
2017/2/21,631.5,12931,83,267.2,86.53,225,69.6
2017/2/22,620,12931,83,267.2,86.53,225,69.6
2017/2/23,608,12931,83,267.2,86.53,225,69.6
2017/2/24,595.5,12931,83,267.2,86.53,225,69.6
2017/2/27,607.5,13081,82,266.7,86.64,225,69.6
2017/2/28,582,13081,82,266.7,86.64,220,64.5
2017/3/1,586,13081,82,266.7,86.64,220,64.5
2017/3/2,592,13081,82,266.7,86.64,220,64.5
2017/3/3,583,13081,82,266.7,86.64,220,64.5
2017/3/6,560.5,13166,75,264.8,88.04,220,64.5
2017/3/7,560.5,13166,75,264.8,88.04,220,64.5
2017/3/8,556,13166,75,264.8,88.04,220,64.5
2017/3/9,549,13166,75,264.8,88.04,220,64.5
2017/3/10,546.5,13166,75,264.8,88.04,220,64.5
2017/3/13,557,13129,68,268.6,87.69,220,64.5
2017/3/14,552,13129,68,268.6,87.69,220,64.5
2017/3/15,598,13129,68,268.6,87.69,220,64.5
2017/3/16,602,13129,68,268.6,87.69,220,64.5
2017/3/17,586.5,13129,68,268.6,87.69,220,64.5
2017/3/20,583,13182,70,262.4,88.04,220,64.5
2017/3/21,554,13182,70,262.4,88.04,220,64.5
2017/3/22,527,13182,70,262.4,88.04,220,64.5
2017/3/23,528.5,13182,70,262.4,88.04,220,64.5
2017/3/24,529,13182,70,262.4,88.04,220,64.5
2017/3/27,498,13363,79,263.2,88.04,220,64.5
2017/3/28,492,13363,79,263.2,88.04,220,64.5
2017/3/29,518.5,13363,79,263.2,88.04,220,64.5
2017/3/30,508,13363,79,263.2,88.04,220,64.5
2017/3/31,505.5,13363,79,263.2,88.04,220,64.2
2017/4/5,511.5,13456,75,266.6,89.43,220,64.2
2017/4/6,512,13456,75,266.6,89.43,220,64.2
2017/4/7,483.5,13456,75,266.6,89.43,220,64.2
2017/4/10,477,13374,60,264.8,90.01,220,64.2
2017/4/11,481.5,13374,60,264.8,90.01,220,64.2
2017/4/12,471.5,13374,60,264.8,90.01,220,64.2
2017/4/13,474,13374,60,264.8,90.01,220,64.2
2017/4/14,476,13374,60,264.8,90.01,220,64.2
2017/4/17,465.5,13236,70,283,89.9,220,64.2
2017/4/18,446,13236,70,283,89.9,220,64.2
2017/4/19,451.5,13236,70,283,89.9,220,64.2
2017/4/20,460,13236,70,283,89.9,220,64.2
2017/4/21,473,13236,70,283,89.9,220,64.2
2017/4/24,474,13135,79,269.8,90.36,220,64.2
2017/4/25,471.5,13135,79,269.8,90.36,220,64.2
2017/4/26,472.5,13135,79,269.8,90.36,220,64.2
2017/4/27,482.5,13135,79,269.8,90.36,220,64.2
2017/4/28,497.5,13135,79,269.8,90.36,220,64.2
2017/5/2,506,13333,91,275.5,89.2,121,59.3
2017/5/3,498,13333,91,275.5,89.2,121,59.3
2017/5/4,460.5,13333,91,275.5,89.2,121,59.3
2017/5/5,443,13333,91,275.5,89.2,121,59.3
2017/5/8,447.5,13606,72,272.4,88.5,121,59.3
2017/5/9,446,13606,72,272.4,88.5,121,59.3
2017/5/10,453.5,13606,72,272.4,88.5,121,59.3
2017/5/11,445.5,13606,72,272.4,88.5,121,59.3
2017/5/12,430,13606,72,272.4,88.5,121,59.3
2017/5/15,435.5,13793,66,278.3,87.69,121,59.3
2017/5/16,440,13793,66,278.3,87.69,121,59.3
2017/5/17,455.5,13793,66,278.3,87.69,121,59.3
2017/5/18,449,13793,66,278.3,87.69,121,59.3
2017/5/19,465.5,13793,66,278.3,87.69,121,59.3
2017/5/22,471.5,13942,53,252.8,86.76,121,59.3
2017/5/23,459,13942,53,252.8,86.76,121,59.3
2017/5/24,437,13942,53,252.8,86.76,121,59.3
2017/5/25,431.5,13942,53,252.8,86.76,121,59.3
2017/5/26,435.5,13942,53,252.8,86.76,121,59.3
2017/5/31,411.5,14027,64,282.3,87.22,205,51.8
2017/6/1,411,14027,64,282.3,87.22,205,51.8
2017/6/2,415,14027,64,282.3,87.22,205,51.8
2017/6/5,417.5,14014,61,274.5,88.5,205,51.8
2017/6/6,416.5,14014,61,274.5,88.5,205,51.8
2017/6/7,416,14014,61,274.5,88.5,205,51.8
2017/6/8,411,14014,61,274.5,88.5,205,51.8
2017/6/9,413.5,14014,61,274.5,88.5,205,51.8
2017/6/12,423,14411,69,280.4,89.2,205,51.8
2017/6/13,411.5,14411,69,280.4,89.2,205,51.8
2017/6/14,424,14411,69,280.4,89.2,205,51.8
2017/6/15,417,14411,69,280.4,89.2,205,51.8
2017/6/16,421,14411,69,280.4,89.2,205,51.8
2017/6/19,425,14236,64,276.535,90.36,205,51.8
2017/6/20,425.5,14236,64,276.535,90.36,205,51.8
2017/6/21,426.5,14236,64,276.535,90.36,205,51.8
2017/6/22,421,14236,64,276.535,90.36,205,51.8
2017/6/23,427.5,14236,64,276.535,90.36,205,51.8
2017/6/26,426.5,14539,80,288.81,90.48,205,51.8
2017/6/27,445,14539,80,288.81,90.48,205,51.8
2017/6/28,446.5,14539,80,288.81,90.48,205,51.8
2017/6/29,463,14539,80,288.81,90.48,205,51.8
2017/6/30,462,14539,80,288.81,90.48,206,49.5
2017/7/3,478.5,14413,64,283.42,90.13,206,49.5
2017/7/4,454,14413,64,283.42,90.13,206,49.5
2017/7/5,462,14413,64,283.42,90.13,206,49.5
2017/7/6,464,14413,64,283.42,90.13,206,49.5
2017/7/7,469.5,14413,64,283.42,90.13,206,49.5
2017/7/10,464.5,14229,86,291.2,90.71,206,49.5
2017/7/11,470.5,14229,86,291.2,90.71,206,49.5
2017/7/12,467,14229,86,291.2,90.71,206,49.5
2017/7/13,473.5,14229,86,291.2,90.71,206,49.5
2017/7/14,465.5,14229,86,291.2,90.71,206,49.5
2017/7/17,474.5,14287,88,288.18,90.24,206,49.5
2017/7/18,489,14287,88,288.18,90.24,206,49.5
2017/7/19,495.5,14287,88,288.18,90.24,206,49.5
2017/7/20,482.5,14287,88,288.18,90.24,206,49.5
2017/7/21,485,14287,88,288.18,90.24,206,49.5
2017/7/24,484,14320,65,287.62,89.9,206,49.5
2017/7/25,491,14320,65,287.62,89.9,206,49.5
2017/7/26,497,14320,65,287.62,89.9,206,49.5
2017/7/27,508.5,14320,65,287.62,89.9,206,49.5
2017/7/28,510.5,14320,65,287.62,89.9,206,49.5
2017/7/31,547.5,14231,68,289.52,90.36,203,50.4
2017/8/1,546.5,14231,68,289.52,90.36,203,50.4
2017/8/2,544,14231,68,289.52,90.36,203,50.4
2017/8/3,543.5,14231,68,289.52,90.36,203,50.4
2017/8/4,548.5,14231,68,289.52,90.36,203,50.4
2017/8/7,564,14037,62,266.99,90.13,203,50.4
2017/8/8,549,14037,62,266.99,90.13,203,50.4
2017/8/9,566.5,14037,62,266.99,90.13,203,50.4
2017/8/10,563.5,14037,62,266.99,90.13,203,50.4
2017/8/11,536,14037,62,266.99,90.13,203,50.4
2017/8/14,527,13834,75,288.79,90.36,203,50.4
2017/8/15,530,13834,75,288.79,90.36,203,50.4
2017/8/16,523.5,13834,75,288.79,90.36,203,50.4
2017/8/17,554.5,13834,75,288.79,90.36,203,50.4
2017/8/18,580.5,13834,75,288.79,90.36,203,50.4
2017/8/21,596,13635,73,298.84,90.36,203,50.4
2017/8/22,606,13635,73,298.84,90.36,203,50.4
2017/8/23,578.5,13635,73,298.84,90.36,203,50.4
2017/8/24,582.5,13635,73,298.84,90.36,203,50.4
2017/8/25,585.5,13635,73,298.84,90.36,203,50.4
2017/8/28,572.5,13473,58,299.6,90.13,203,50.4
2017/8/29,554,13473,58,299.6,90.13,203,50.4
2017/8/30,556,13473,58,299.6,90.13,203,50.4
2017/8/31,573,13473,58,299.6,90.13,189,57.9
2017/9/1,583,13473,58,299.6,90.13,189,57.9
2017/9/4,565.5,13419,75,294.02,88.97,189,57.9
2017/9/5,576,13419,75,294.02,88.97,189,57.9
2017/9/6,550,13419,75,294.02,88.97,189,57.9
2017/9/7,545.5,13419,75,294.02,88.97,189,57.9
2017/9/8,534.5,13419,75,294.02,88.97,189,57.9
2017/9/11,533.5,13390,70,292.09,88.73,189,57.9
2017/9/12,548,13390,70,292.09,88.73,189,57.9
2017/9/13,534,13390,70,292.09,88.73,189,57.9
2017/9/14,510,13390,70,292.09,88.73,189,57.9
2017/9/15,508,13390,70,292.09,88.73,189,57.9
2017/9/18,511.5,13261,68,295.64,88.62,189,57.9
2017/9/19,498,13261,68,295.64,88.62,189,57.9
2017/9/20,492.5,13261,68,295.64,88.62,189,57.9
2017/9/21,472,13261,68,295.64,88.62,189,57.9
2017/9/22,466.5,13261,68,295.64,88.62,189,57.9
2017/9/25,468,13174,96,288.51,88.04,189,57.9
2017/9/26,464.5,13174,96,288.51,88.04,189,57.9
2017/9/27,473,13174,96,288.51,88.04,189,57.9
2017/9/28,451,13174,96,288.51,88.04,189,57.9
2017/9/29,454.5,13174,96,288.51,88.04,189,57.9
2017/10/9,442.5,13357,72,284.77,88.27,147,65.3
2017/10/10,440,13357,72,284.77,88.27,147,65.3
2017/10/11,436,13357,72,284.77,88.27,147,65.3
2017/10/12,441.5,13357,72,284.77,88.27,147,65.3
2017/10/13,455.5,13357,72,284.77,88.27,147,65.3
2017/10/16,463,13147,90,264,85.95,147,65.3
2017/10/17,453,13147,90,264,85.95,147,65.3
2017/10/18,459,13147,90,264,85.95,147,65.3
2017/10/19,444,13147,90,264,85.95,147,65.3
2017/10/20,469,13147,90,264,85.95,147,65.3
2017/10/23,458.5,13178,66,264,85.25,147,65.3
2017/10/24,457.5,13178,66,264,85.25,147,65.3
2017/10/25,455,13178,66,264,85.25,147,65.3
2017/10/26,453.5,13178,66,264,85.25,147,65.3
2017/10/27,428,13178,66,264,85.25,147,65.3
2017/10/30,425,13594,81,258.13,83.04,147,65.3
2017/10/31,428,13594,81,258.13,83.04,88,68.4
2017/11/1,429.5,13594,81,258.13,83.04,88,68.4
2017/11/2,442,13594,81,258.13,83.04,88,68.4
2017/11/3,439.5,13594,81,258.13,83.04,88,68.4
2017/11/6,468,13742,71,276,82.81,88,68.4
2017/11/7,469,13742,71,276,82.81,88,68.4
2017/11/8,466,13742,71,276,82.81,88,68.4
2017/11/9,460.5,13742,71,276,82.81,88,68.4
2017/11/10,462.5,13742,71,276,82.81,88,68.4
2017/11/13,465,13841.7,67,268.59,81.42,88,68.4
2017/11/14,464.5,13841.7,67,268.59,81.42,88,68.4
2017/11/15,446,13841.7,67,268.59,81.42,88,68.4
2017/11/16,458,13841.7,67,268.59,81.42,88,68.4
2017/11/17,462.5,13841.7,67,268.59,81.42,88,68.4
2017/11/20,470,13815.3,70,285.68,75.49,88,68.4
2017/11/21,470,13815.3,70,285.68,75.49,88,68.4
2017/11/22,474.5,13815.3,70,285.68,75.49,88,68.4
2017/11/23,491.5,13815.3,70,285.68,75.49,88,68.4
2017/11/24,495.5,13815.3,70,285.68,75.49,88,68.4
2017/11/27,495,13984.9,77,275.98,75.73,88,68.4
2017/11/28,495,13984.9,77,275.98,75.73,88,68.4
2017/11/29,500.5,13984.9,77,275.98,75.73,88,68.4
2017/11/30,511.5,13984.9,77,275.98,75.73,143,63.4
2017/12/1,520,13984.9,77,275.98,75.73,143,63.4
2017/12/4,546,14135.5,68,261.75,75.03,143,63.4
2017/12/5,535,14135.5,68,261.75,75.03,143,63.4
2017/12/6,515.5,14135.5,68,261.75,75.03,143,63.4
2017/12/7,492,14135.5,68,261.75,75.03,143,63.4
2017/12/8,501,14135.5,68,261.75,75.03,143,63.4
2017/12/11,491,14217.6,51,267.62,73.98,143,63.4
2017/12/12,494.5,14217.6,51,267.62,73.98,143,63.4
2017/12/13,495,14217.6,51,267.62,73.98,143,63.4
2017/12/14,489,14217.6,51,267.62,73.98,143,63.4
2017/12/15,490,14217.6,51,267.62,73.98,143,63.4
2017/12/18,515.5,14338.7,73,263.78,74.1,143,63.4
2017/12/19,512,14338.7,73,263.78,74.1,143,63.4
2017/12/20,512,14338.7,73,263.78,74.1,143,63.4
2017/12/21,511.5,14338.7,73,263.78,74.1,143,63.4
2017/12/22,518,14338.7,73,263.78,74.1,143,63.4
2017/12/25,500.5,14537,73,259.71,73.4,143,63.4
2017/12/26,495,14537,73,259.71,73.4,143,63.4
2017/12/27,488.5,14537,73,259.71,73.4,143,63.4
2017/12/28,487.5,14537,73,259.71,73.4,143,63.4
2017/12/29,480,14537,73,259.71,73.4,143,63.4
2018/1/2,492,14655.1,75,266.5,73.52,223,59.8
2018/1/3,494,14655.1,75,266.5,73.52,223,59.8
2018/1/4,483.5,14655.1,75,266.5,73.52,223,59.8
2018/1/5,484.5,14655.1,75,266.5,73.52,223,59.8
2018/1/8,485.5,14923.2,67,258.77,75.26,223,59.8
2018/1/9,495,14923.2,67,258.77,75.26,223,59.8
2018/1/10,490,14923.2,67,258.77,75.26,223,59.8
2018/1/11,493,14923.2,67,258.77,75.26,223,59.8
2018/1/12,492,14923.2,67,258.77,75.26,223,59.8
2018/1/15,515,15197,76,268.27,75.96,223,59.8
2018/1/16,537,15197,76,268.27,75.96,223,59.8
2018/1/17,531,15197,76,268.27,75.96,223,59.8
2018/1/18,533.5,15197,76,268.27,75.96,223,59.8
2018/1/19,539,15197,76,268.27,75.96,223,59.8
2018/1/22,539,15360.86,62,251.85,75.84,223,59.8
2018/1/23,521.5,15360.86,62,251.85,75.84,223,59.8
2018/1/24,524,15360.86,62,251.85,75.84,223,59.8
2018/1/25,533,15360.86,62,251.85,75.84,223,59.8
2018/1/26,523.5,15360.86,62,251.85,75.84,223,59.8
2018/1/29,519.5,15182.2,50,274.53,75.49,223,59.8
2018/1/30,522.5,15182.2,50,274.53,75.49,223,59.8
2018/1/31,517.5,15182.2,50,274.53,75.49,150,62.2
2018/2/1,512,15182.2,50,274.53,75.49,150,62.2
2018/2/2,518.5,15182.2,50,274.53,75.49,150,62.2
2018/2/5,527.5,15142.8,69,274.63,75.03,150,62.2
2018/2/6,523,15142.8,69,274.63,75.03,150,62.2
2018/2/7,525,15142.8,69,274.63,75.03,150,62.2
2018/2/8,522,15142.8,69,274.63,75.03,150,62.2
2018/2/9,518,15142.8,69,274.63,75.03,150,62.2
2018/2/12,518.5,15238.1,71,309.09,75.38,150,62.2
2018/2/13,521,15238.1,71,309.09,75.38,150,62.2
2018/2/14,531,15238.1,71,309.09,75.38,150,62.2
2018/2/22,530,15238.1,74,309.09,75.38,150,62.2
2018/2/23,539,15238.1,74,309.09,75.38,150,62.2
2018/2/26,540,15748,60,196.69,75.73,150,62.2
2018/2/27,544,15748,60,196.69,75.73,150,62.2
2018/2/28,541.5,15748,60,196.69,75.73,137,59.7
2018/3/1,543.5,15748,60,196.69,75.73,137,59.7
2018/3/2,537.5,15748,60,196.69,75.73,137,59.7
2018/3/5,520.5,15956.2,62,289.07,75.49,137,59.7
2018/3/6,523,15956.2,62,289.07,75.49,137,59.7
2018/3/7,518,15956.2,62,289.07,75.49,137,59.7
2018/3/8,504.5,15956.2,62,289.07,75.49,137,59.7
2018/3/9,486.5,15956.2,62,289.07,75.49,137,59.7
2018/3/12,480.5,15832.17,67,268.84,75.15,137,59.7
2018/3/13,481.5,15832.17,67,268.84,75.15,137,59.7
2018/3/14,492,15832.17,67,268.84,75.15,137,59.7
2018/3/15,493,15832.17,67,268.84,75.15,137,59.7
2018/3/16,487,15832.17,67,268.84,75.15,137,59.7
2018/3/19,469.5,15972.59,56,249.83,75.26,137,59.7
2018/3/20,463.5,15972.59,56,249.83,75.26,137,59.7
2018/3/21,460,15972.59,56,249.83,75.26,137,59.7
2018/3/22,462.5,15972.59,56,249.83,75.26,137,59.7
2018/3/23,434,15972.59,56,249.83,75.26,137,59.7
2018/3/26,439,16135.4,61,255.66,76.31,137,59.7
2018/3/27,441.5,16135.4,61,255.66,76.31,137,59.7
2018/3/28,441.5,16135.4,61,255.66,76.31,137,59.7
2018/3/29,446.5,16135.4,61,255.66,76.31,137,59.7
2018/3/30,452.5,16135.4,61,255.66,76.31,137,59.7
2018/4/2,452.5,16281.8,61,265.05,77.93,394,53.4
2018/4/3,448.5,16281.8,61,265.05,77.93,394,53.4
2018/4/4,433.5,16281.8,61,265.05,77.93,394,53.4
2018/4/9,439.5,16281.8,55,272.28,78.51,394,53.4
2018/4/10,445,16281.8,55,272.28,78.51,394,53.4
2018/4/11,442.5,16281.8,55,272.28,78.51,394,53.4
2018/4/12,445.5,16281.8,55,272.28,78.51,394,53.4
2018/4/13,448,16281.8,55,272.28,78.51,394,53.4
2018/4/16,434.5,16042.97,76,271.81,79.67,394,53.4
2018/4/17,436,16042.97,76,271.81,79.67,394,53.4
2018/4/18,443.5,16042.97,76,271.81,79.67,394,53.4
2018/4/19,466.5,16042.97,76,271.81,79.67,394,53.4
2018/4/20,455,16042.97,76,271.81,79.67,394,53.4
2018/4/23,468.5,15983.18,74,277.06,78.86,394,53.4
2018/4/24,464,15983.18,74,277.06,78.86,394,53.4
2018/4/25,462.5,15983.18,74,277.06,78.86,394,53.4
2018/4/26,461,15983.18,74,277.06,78.86,394,53.4
2018/4/27,456,15983.18,74,277.06,78.86,394,53.4
2018/5/2,467.5,15908.41,46,278.6,78.51,226,53.4
2018/5/3,467,15908.41,46,278.6,78.51,226,53.4
2018/5/4,464.5,15908.41,46,278.6,78.51,226,53.4
2018/5/7,464,16015.99,72,268.41,79.33,226,53.4
2018/5/8,470,16015.99,72,268.41,79.33,226,53.4
2018/5/9,463.5,16015.99,72,268.41,79.33,226,53.4
2018/5/10,464,16015.99,72,268.41,79.33,226,53.4
2018/5/11,476.5,16015.99,72,268.41,79.33,226,53.4
2018/5/14,481.5,15876.39,60,271.83,80.49,226,53.4
2018/5/15,477.5,15876.39,60,271.83,80.49,226,53.4
2018/5/16,474.5,15876.39,60,271.83,80.49,226,53.4
2018/5/17,474.5,15876.39,60,271.83,80.49,226,53.4
2018/5/18,470,15876.39,60,271.83,80.49,226,53.4
2018/5/21,458,15756.47,73,283.5,81.53,226,53.4
2018/5/22,450.5,15756.47,73,283.5,81.53,226,53.4
2018/5/23,450,15756.47,73,283.5,81.53,226,53.4
2018/5/24,454.5,15756.47,73,283.5,81.53,226,53.4
2018/5/25,448,15756.47,73,283.5,81.53,226,53.4
2018/5/28,449,15889.44,68,286.19,83.39,226,53.4
2018/5/29,458.5,15889.44,68,286.19,83.39,226,53.4
2018/5/30,451,15889.44,68,286.19,83.39,226,53.4
2018/5/31,456,15889.44,68,286.19,83.39,142,53
2018/6/1,454,15889.44,68,286.19,83.39,142,53
2018/6/4,452,16040.16,52,285.85,83.62,142,53
2018/6/5,460.5,16040.16,52,285.85,83.62,142,53
2018/6/6,464.5,16040.16,52,285.85,83.62,142,53
2018/6/7,463,16040.16,52,285.85,83.62,142,53
2018/6/8,461.5,16040.16,52,285.85,83.62,142,53
2018/6/11,464.5,15914.61,71,275.52,83.28,142,53
2018/6/12,468,15914.61,71,275.52,83.28,142,53
2018/6/13,466.5,15914.61,71,275.52,83.28,142,53
2018/6/14,469,15914.61,71,275.52,83.28,142,53
2018/6/15,468.5,15914.61,71,275.52,83.28,142,53
2018/6/19,448.5,15723.47,65,266.83,83.28,142,53
2018/6/20,456.5,15723.47,65,266.83,83.28,142,53
2018/6/21,458.5,15723.47,65,266.83,83.28,142,53
2018/6/22,459.5,15723.47,65,266.83,83.28,142,53
2018/6/25,462.5,15488.41,77,281.51,83.16,142,53
2018/6/26,463.5,15488.41,77,281.51,83.16,142,53
2018/6/27,462.5,15488.41,77,281.51,83.16,142,53
2018/6/28,468.5,15488.41,77,281.51,83.16,142,53
2018/6/29,474.5,15488.41,77,281.51,83.16,142,53
2018/7/2,465.5,15579.28,56,269.95,82.58,318,56.7
2018/7/3,467,15579.28,56,269.95,82.58,318,56.7
2018/7/4,463.5,15579.28,56,269.95,82.58,318,56.7
2018/7/5,459,15579.28,56,269.95,82.58,318,56.7
2018/7/6,461.5,15579.28,56,269.95,82.58,318,56.7
2018/7/9,465,15342.07,78,287.32,83.28,318,56.7
2018/7/10,461,15342.07,78,287.32,83.28,318,56.7
2018/7/11,461.5,15342.07,78,287.32,83.28,318,56.7
2018/7/12,465,15342.07,78,287.32,83.28,318,56.7
2018/7/13,462.5,15342.07,78,287.32,83.28,318,56.7
2018/7/16,463.5,15351.73,57,279.02,82.93,318,56.7
2018/7/17,462.5,15351.73,57,279.02,82.93,318,56.7
2018/7/18,461.5,15351.73,57,279.02,82.93,318,56.7
2018/7/19,463,15351.73,57,279.02,82.93,318,56.7
2018/7/20,469,15351.73,57,279.02,82.93,318,56.7
2018/7/23,474,15365.23,62,274.46,83.16,318,56.7
2018/7/24,476.5,15365.23,62,274.46,83.16,318,56.7
2018/7/25,477.5,15365.23,62,274.46,83.16,318,56.7
2018/7/26,477,15365.23,62,274.46,83.16,318,56.7
2018/7/27,491.5,15365.23,62,274.46,83.16,318,56.7
2018/7/30,487.5,15345.48,63,262.23,80.02,318,56.7
2018/7/31,488.5,15345.48,63,262.23,80.02,219,57.7
2018/8/1,478,15345.48,63,262.23,80.02,219,57.7
2018/8/2,478.5,15345.48,63,262.23,80.02,219,57.7
2018/8/3,486,15345.48,63,262.23,80.02,219,57.7
2018/8/6,506.5,15410.39,48,279.37,79.44,219,57.7
2018/8/7,515,15410.39,48,279.37,79.44,219,57.7
2018/8/8,509,15410.39,48,279.37,79.44,219,57.7
2018/8/9,514,15410.39,48,279.37,79.44,219,57.7
2018/8/10,506.5,15410.39,48,279.37,79.44,219,57.7
2018/8/13,517,15286.9,78,277.03,78.75,219,57.7
2018/8/14,506.5,15286.9,78,277.03,78.75,219,57.7
2018/8/15,502.5,15286.9,78,277.03,78.75,219,57.7
2018/8/16,493.5,15286.9,78,277.03,78.75,219,57.7
2018/8/17,504.5,15286.9,78,277.03,78.75,219,57.7
2018/8/20,506.5,15145.93,66,272.62,78.75,219,57.7
2018/8/21,494,15145.93,66,272.62,78.75,219,57.7
2018/8/22,485,15145.93,66,272.62,78.75,219,57.7
2018/8/23,487,15145.93,66,272.62,78.75,219,57.7
2018/8/24,490.5,15145.93,66,272.62,78.75,219,57.7
2018/8/27,479,14961.91,66,263.18,78.86,219,57.7
2018/8/28,482,14961.91,66,263.18,78.86,219,57.7
2018/8/29,480,14961.91,66,263.18,78.86,219,57.7
2018/8/30,484.5,14961.91,66,263.18,78.86,219,57.7
2018/8/31,485,14961.91,66,263.18,78.86,61,54.3
2018/9/3,484.5,14733.23,70,281.82,79.09,61,54.3
2018/9/4,488.5,14733.23,70,281.82,79.09,61,54.3
2018/9/5,487,14733.23,70,281.82,79.09,61,54.3
2018/9/6,502.5,14733.23,70,281.82,79.09,61,54.3
2018/9/7,498,14733.23,70,281.82,79.09,61,54.3
2018/9/10,497.5,14774.36,60,282.43,79.44,61,54.3
2018/9/11,492.5,14774.36,60,282.43,79.44,61,54.3
2018/9/12,492,14774.36,60,282.43,79.44,61,54.3
2018/9/13,503.5,14774.36,60,282.43,79.44,61,54.3
2018/9/14,501.5,14774.36,60,282.43,79.44,61,54.3
2018/9/17,500,14756.61,67,287.48,80.6,61,54.3
2018/9/18,506.5,14756.61,67,287.48,80.6,61,54.3
2018/9/19,504.5,14756.61,67,287.48,80.6,61,54.3
2018/9/20,502,14756.61,67,287.48,80.6,61,54.3
2018/9/21,501,14756.61,67,287.48,80.6,61,54.3
2018/9/25,497,14784.43,62,285.01,80.49,61,54.3
2018/9/26,500,14784.43,62,285.01,80.49,61,54.3
2018/9/27,497.5,14784.43,62,285.01,80.49,61,54.3
2018/9/28,495.5,14784.43,62,285.01,80.49,61,54.3
2018/10/8,498,14516.54,72,293.95,80.02,259,58.7
2018/10/9,509,14516.54,72,293.95,80.02,259,58.7
2018/10/10,515,14516.54,72,293.95,80.02,259,58.7
2018/10/11,511.5,14516.54,72,293.95,80.02,259,58.7
2018/10/12,515,14516.54,72,293.95,80.02,259,58.7
2018/10/15,509,14353.18,71,289.97,80.84,259,58.7
2018/10/16,507.5,14353.18,71,289.97,80.84,259,58.7
2018/10/17,523.5,14353.18,71,289.97,80.84,259,58.7
2018/10/18,517.5,14353.18,71,289.97,80.84,259,58.7
2018/10/19,515,14353.18,71,289.97,80.84,259,58.7
2018/10/22,524.5,14527.65,55,291.93,80.37,259,58.7
2018/10/23,519.5,14527.65,55,291.93,80.37,259,58.7
2018/10/24,536.5,14527.65,55,291.93,80.37,259,58.7
2018/10/25,533,14527.65,55,291.93,80.37,259,58.7
2018/10/26,538.5,14527.65,55,291.93,80.37,259,58.7
2018/10/29,538,14518.64,60,304.41,80.14,259,58.7
2018/10/30,539,14518.64,60,304.41,80.14,259,58.7
2018/10/31,533.5,14518.64,60,304.41,80.14,79,59.8
2018/11/1,519.5,14518.64,60,304.41,80.14,79,59.8
2018/11/2,508.5,14518.64,60,304.41,80.14,79,59.8
2018/11/5,515.5,14357.4,62,307.89,79.44,79,59.8
2018/11/6,510,14357.4,62,307.89,79.44,79,59.8
2018/11/7,511,14357.4,62,307.89,79.44,79,59.8
2018/11/8,520,14357.4,62,307.89,79.44,79,59.8
2018/11/9,525,14357.4,62,307.89,79.44,79,59.8
2018/11/12,520,14281.87,61,296.26,79.09,79,59.8
2018/11/13,511,14281.87,61,296.26,79.09,79,59.8
2018/11/14,512,14281.87,61,296.26,79.09,79,59.8
2018/11/15,513.5,14281.87,61,296.26,79.09,79,59.8
2018/11/16,521,14281.87,61,296.26,79.09,79,59.8
2018/11/19,527.5,14273.01,50,287.29,78.4,79,59.8
2018/11/20,516.5,14273.01,50,287.29,78.4,79,59.8
2018/11/21,526.5,14273.01,50,287.29,78.4,79,59.8
2018/11/22,518.5,14273.01,50,287.29,78.4,79,59.8
2018/11/23,497,14273.01,50,287.29,78.4,79,59.8
2018/11/26,477.5,14314.08,47,278.56,77.58,79,59.8
2018/11/27,465.5,14314.08,47,278.56,77.58,79,59.8
2018/11/28,471.5,14314.08,47,278.56,77.58,79,59.8
2018/11/29,476,14314.08,47,278.56,77.58,79,59.8
2018/11/30,482,14314.08,47,278.56,77.58,168,58
2018/12/3,495.5,14034.92,58,276.23,76.89,168,58
2018/12/4,503,14034.92,58,276.23,76.89,168,58
2018/12/5,507,14034.92,58,276.23,76.89,168,58
2018/12/6,507,14034.92,58,276.23,76.89,168,58
2018/12/7,516,14034.92,58,276.23,76.89,168,58
2018/12/10,513.5,13860.02,64,268.82,76.31,168,58
2018/12/11,512,13860.02,64,268.82,76.31,168,58
2018/12/12,508.5,13860.02,64,268.82,76.31,168,58
2018/12/13,512,13860.02,64,268.82,76.31,168,58
2018/12/14,514.5,13860.02,64,268.82,76.31,168,58
2018/12/17,524,13941.33,60,267.65,76.19,168,58
2018/12/18,526.5,13941.33,60,267.65,76.19,168,58
2018/12/19,525.5,13941.33,60,267.65,76.19,168,58
2018/12/20,536.5,13941.33,60,267.65,76.19,168,58
2018/12/21,540,13941.33,60,267.65,76.19,168,58
2018/12/24,534,13885.38,65,271.98,75.26,168,58
2018/12/25,532,13885.38,65,271.98,75.26,168,58
2018/12/26,538.5,13885.38,65,271.98,75.26,168,58
2018/12/27,540,13885.38,65,271.98,75.26,168,58
2018/12/28,547,13885.38,65,271.98,75.26,168,58
2019/1/2,541,14156.43,68,265.23,75.49,91,50.3
2019/1/3,541.5,14156.43,68,265.23,75.49,91,50.3
2019/1/4,563,14156.43,68,265.23,75.49,91,50.3
2019/1/7,566.5,14288.16,53,264.03,79.95,91,50.3
2019/1/8,570,14288.16,53,264.03,79.95,91,50.3
2019/1/9,570,14288.16,53,264.03,79.95,91,50.3
2019/1/10,570,14288.16,53,264.03,79.95,91,50.3
2019/1/11,579,14288.16,53,264.03,79.95,91,50.3
2019/1/14,574.5,14182.2,70,279.47,80.08,91,50.3
2019/1/15,550,14182.2,70,279.47,80.08,91,50.3
2019/1/16,478,14182.2,70,279.47,80.08,91,50.3
2019/1/17,481,14182.2,70,279.47,80.08,91,50.3
2019/1/18,497,14182.2,70,279.47,80.08,91,50.3
2019/1/21,497,14373.5,67,287.78,80.99,91,50.3
2019/1/22,490.5,14373.5,67,287.78,80.99,91,50.3
2019/1/23,492,14373.5,67,287.78,80.99,91,50.3
2019/1/24,495,14373.5,67,287.78,80.99,91,50.3
2019/1/25,495.5,14373.5,67,287.78,80.99,91,50.3
2019/1/28,505,14205.75,45,301.37,82.29,91,50.3
2019/1/29,514.5,14205.75,45,301.37,82.29,91,50.3
2019/1/30,529,14205.75,45,301.37,82.29,91,50.3
2019/1/31,526.5,14205.75,45,301.37,82.29,192,44.8
2019/2/1,546,14205.75,45,301.37,82.29,192,44.8
2019/2/11,571,13973,54,313,82.55,192,44.8
2019/2/12,552,13973,54,313,82.55,192,44.8
2019/2/13,543.5,13973,54,313,82.55,192,44.8
2019/2/14,547,13973,54,313,82.55,192,44.8
2019/2/15,544.5,13973,54,313,82.55,192,44.8
2019/2/18,554.5,14414.21,69,266.76,82.68,192,44.8
2019/2/19,566,14414.21,69,266.76,82.68,192,44.8
2019/2/20,562,14414.21,69,266.76,82.68,192,44.8
2019/2/21,558,14414.21,69,266.76,82.68,192,44.8
2019/2/22,560,14414.21,69,266.76,82.68,192,44.8
2019/2/25,547,14576.5,68,283.3,83.07,192,44.8
2019/2/26,539.5,14576.5,68,283.3,83.07,192,44.8
2019/2/27,534.5,14576.5,68,283.3,83.07,192,44.8
2019/2/28,543.5,14576.5,68,283.3,83.07,250,46.3
2019/3/1,558,14576.5,68,283.3,83.07,250,46.3
2019/3/4,559,14687.73,72,292.31,82.81,250,46.3
2019/3/5,552.5,14687.73,72,292.31,82.81,250,46.3
2019/3/6,542.5,14687.73,72,292.31,82.81,250,46.3
2019/3/7,556.5,14687.73,72,292.31,82.81,250,46.3
2019/3/8,546.5,14687.73,72,292.31,82.81,250,46.3
2019/3/11,533,14745.65,59,266.11,79.3,250,46.3
2019/3/12,543.5,14745.65,59,266.11,79.3,250,46.3
2019/3/13,536,14745.65,59,266.11,79.3,250,46.3
2019/3/14,549.5,14745.65,59,266.11,79.3,250,46.3
2019/3/15,546.5,14745.65,59,266.11,79.3,250,46.3
2019/3/18,560,14770,60,248.73,79.04,250,46.3
2019/3/19,561,14770,60,248.73,79.04,250,46.3
2019/3/20,532.5,14770,60,248.73,79.04,250,46.3
2019/3/21,529.5,14770,60,248.73,79.04,250,46.3
2019/3/22,534,14770,60,248.73,79.04,250,46.3
2019/3/25,530,14788.56,47,292.8,80.08,250,46.3
2019/3/26,526.5,14788.56,47,292.8,80.08,250,46.3
2019/3/27,531.5,14788.56,47,292.8,80.08,250,46.3
2019/3/28,529.5,14788.56,47,292.8,80.08,250,46.3
2019/3/29,553,14788.56,47,292.8,80.08,250,46.3
2019/4/1,565.5,14702.93,64,277.14,80.86,6,51.9
2019/4/2,571,14702.93,64,277.14,80.86,6,51.9
2019/4/3,585,14702.93,64,277.14,80.86,6,51.9
2019/4/4,580,14702.93,64,277.14,80.86,6,51.9
2019/4/8,601,14702.93,64,276.58,85.55,6,51.9
2019/4/9,597.5,14702.93,64,276.58,85.55,6,51.9
2019/4/10,600,14702.93,64,276.58,85.55,6,51.9
2019/4/11,604.5,14702.93,64,276.58,85.55,6,51.9
2019/4/12,603,14702.93,64,276.58,85.55,6,51.9
2019/4/15,601.5,14186.13,41,289.83,87.24,6,51.9
2019/4/16,584,14186.13,41,289.83,87.24,6,51.9
2019/4/17,574,14186.13,41,289.83,87.24,6,51.9
2019/4/18,573.5,14186.13,41,289.83,87.24,6,51.9
2019/4/19,573,14186.13,41,289.83,87.24,6,51.9
2019/4/22,580,13836.29,65,280.25,88.41,6,51.9
2019/4/23,582,13836.29,65,280.25,88.41,6,51.9
2019/4/24,573,13836.29,65,280.25,88.41,6,51.9
2019/4/25,570.5,13836.29,65,280.25,88.41,6,51.9
2019/4/26,571,13836.29,65,280.25,88.41,6,51.9
2019/4/29,585.5,13426,60,283,88.93,6,51.9
2019/4/30,588,13426,60,283,88.93,230,53.5
2019/5/6,583.5,13426,66,292.82,89.19,230,53.5
2019/5/7,593.5,13426,66,292.82,89.19,230,53.5
2019/5/8,585.5,13426,66,292.82,89.19,230,53.5
2019/5/9,587,13426,66,292.82,89.19,230,53.5
2019/5/10,596.5,13426,66,292.82,89.19,230,53.5
2019/5/13,595,13330.83,57,297.9,87.5,230,53.5
2019/5/14,582,13330.83,57,297.9,87.5,230,53.5
2019/5/15,598,13330.83,57,297.9,87.5,230,53.5
2019/5/16,618,13330.83,57,297.9,87.5,230,53.5
2019/5/17,647,13330.83,57,297.9,87.5,230,53.5
2019/5/20,652.5,13206.92,58,293.5,88.02,230,53.5
2019/5/21,659,13206.92,58,293.5,88.02,230,53.5
2019/5/22,667,13206.92,58,293.5,88.02,230,53.5
2019/5/23,668.5,13206.92,58,293.5,88.02,230,53.5
2019/5/24,671.5,13206.92,58,293.5,88.02,230,53.5
2019/5/27,701.5,12767.82,50,297.14,90.1,230,53.5
2019/5/28,696,12767.82,50,297.14,90.1,230,53.5
2019/5/29,683.5,12767.82,50,297.14,90.1,230,53.5
2019/5/30,674.5,12767.82,50,297.14,90.1,230,53.5
2019/5/31,664.5,12767.82,50,297.14,90.1,298,53.1
2019/6/3,646.5,12398.1,62,289.89,90.49,298,53.1
2019/6/4,652.5,12398.1,62,289.89,90.49,298,53.1
2019/6/5,653,12398.1,62,289.89,90.49,298,53.1
2019/6/6,644,12398.1,62,289.89,90.49,298,53.1
2019/6/10,654,12398.1,47,295,90.76,298,53.1
2019/6/11,684.5,12398.1,47,295,90.76,298,53.1
2019/6/12,684,12398.1,47,295,90.76,298,53.1
2019/6/13,702,12398.1,47,295,90.76,298,53.1
2019/6/14,702.5,12398.1,47,295,90.76,298,53.1
2019/6/17,684,11795.73,57,291.61,90.49,298,53.1
2019/6/18,695.5,11795.73,57,291.61,90.49,298,53.1
2019/6/19,707.5,11795.73,57,291.61,90.49,298,53.1
2019/6/20,720,11795.73,57,291.61,90.49,298,53.1
2019/6/21,718,11795.73,57,291.61,90.49,298,53.1
2019/6/24,733,11752.3,55,281.68,90.36,298,53.1
2019/6/25,717.5,11752.3,55,281.68,90.36,298,53.1
2019/6/26,715.5,11752.3,55,281.68,90.36,298,53.1
2019/6/27,723,11752.3,55,281.68,90.36,298,53.1
2019/6/28,741,11752.3,55,281.68,90.36,298,53.1
2019/7/1,776.5,11565.03,51,287.73,87.5,28,51.8
2019/7/2,789.5,11565.03,51,287.73,87.5,28,51.8
2019/7/3,807,11565.03,51,287.73,87.5,28,51.8
2019/7/4,772.5,11565.03,51,287.73,87.5,28,51.8
2019/7/5,737.5,11565.03,51,287.73,87.5,28,51.8
2019/7/8,759,11493.15,57,281.02,85.81,28,51.8
2019/7/9,782,11493.15,57,281.02,85.81,28,51.8
2019/7/10,777,11493.15,57,281.02,85.81,28,51.8
2019/7/11,759.5,11493.15,57,281.02,85.81,28,51.8
2019/7/12,762,11493.15,57,281.02,85.81,28,51.8
2019/7/15,783,11413.51,84,290.3,85.55,28,51.8
2019/7/16,800.5,11413.51,84,290.3,85.55,28,51.8
2019/7/17,785,11413.51,84,290.3,85.55,28,51.8
2019/7/18,771.5,11413.51,84,290.3,85.55,28,51.8
2019/7/19,795,11413.51,84,290.3,85.55,28,51.8
2019/7/22,757,11682.09,74,291.85,86.07,28,51.8
2019/7/23,758.5,11682.09,74,291.85,86.07,28,51.8
2019/7/24,735.5,11682.09,74,291.85,86.07,28,51.8
2019/7/25,739,11682.09,74,291.85,86.07,28,51.8
2019/7/26,764,11682.09,74,291.85,86.07,28,51.8
2019/7/29,750.5,11641.81,65,286.64,85.94,28,51.8
2019/7/30,771.5,11641.81,65,286.64,85.94,28,51.8
2019/7/31,763,11641.81,65,286.64,85.94,218,49
2019/8/1,747.5,11641.81,65,286.64,85.94,218,49
2019/8/2,724.5,11641.81,65,286.64,85.94,218,49
2019/8/5,689.5,11869.28,57,262.1,86.72,218,49
2019/8/6,693.5,11869.28,57,262.1,86.72,218,49
2019/8/7,660.5,11869.28,57,262.1,86.72,218,49
2019/8/8,660.5,11869.28,57,262.1,86.72,218,49
2019/8/9,639,11869.28,57,262.1,86.72,218,49
2019/8/12,638.5,11850.75,40,293.89,88.54,218,49
2019/8/13,627.5,11850.75,40,293.89,88.54,218,49
2019/8/14,631.5,11850.75,40,293.89,88.54,218,49
2019/8/15,618,11850.75,40,293.89,88.54,218,49
2019/8/16,626.5,11850.75,40,293.89,88.54,218,49
2019/8/19,617,11601.24,68,254.65,87.5,218,49
2019/8/20,609,11601.24,68,254.65,87.5,218,49
2019/8/21,589.5,11601.24,68,254.65,87.5,218,49
2019/8/22,600,11601.24,68,254.65,87.5,218,49
2019/8/23,613,11601.24,68,254.65,87.5,218,49
2019/8/26,593.5,11984.33,69,308.5,87.5,218,49
2019/8/27,586,11984.33,69,308.5,87.5,218,49
2019/8/28,588,11984.33,69,308.5,87.5,218,49
2019/8/29,580,11984.33,69,308.5,87.5,218,49
2019/8/30,607.5,11984.33,69,308.5,87.5,218,49
2019/9/2,630,12131.4,69,310.4,86.46,97,50.7
2019/9/3,637.5,12131.4,69,310.4,86.46,97,50.7
2019/9/4,644.5,12131.4,69,310.4,86.46,97,50.7
2019/9/5,647,12131.4,69,310.4,86.46,97,50.7
2019/9/6,629,12131.4,69,310.4,86.46,97,50.7
2019/9/9,655.5,12091.66,57,317.93,87.24,97,50.7
2019/9/10,655.5,12091.66,57,317.93,87.24,97,50.7
2019/9/11,661,12091.66,57,317.93,87.24,97,50.7
2019/9/12,680,12091.66,57,317.93,87.24,97,50.7
2019/9/16,670.5,12091.66,76,316,87.24,97,50.7
2019/9/17,665.5,12091.66,76,316,87.24,97,50.7
2019/9/18,661,12091.66,76,316,87.24,97,50.7
2019/9/19,637.5,12091.66,76,316,87.24,97,50.7
2019/9/20,635,12091.66,76,316,87.24,97,50.7
2019/9/23,647.5,12254.29,55,314.23,87.63,97,50.7
2019/9/24,622.5,12254.29,55,314.23,87.63,97,50.7
2019/9/25,624.5,12254.29,55,314.23,87.63,97,50.7
2019/9/26,637,12254.29,55,314.23,87.63,97,50.7
2019/9/27,642.5,12254.29,55,314.23,87.63,97,50.7
2019/9/30,655.5,12033,76,287,76.17,235,48.6
2019/10/8,657,12033,65,287,73.96,235,48.6
2019/10/9,638.5,12033,65,287,73.96,235,48.6
2019/10/10,657.5,12033,65,287,73.96,235,48.6
2019/10/11,658,12033,65,287,73.96,235,48.6
2019/10/14,638.5,12669.6,65,309.5,82.94,235,48.6
2019/10/15,644,12669.6,65,309.5,82.94,235,48.6
2019/10/16,617,12669.6,65,309.5,82.94,235,48.6
2019/10/17,615,12669.6,65,309.5,82.94,235,48.6
2019/10/18,616,12669.6,65,309.5,82.94,235,48.6
2019/10/21,611.5,12724.03,50,301.22,82.42,235,48.6
2019/10/22,616,12724.03,50,301.22,82.42,235,48.6
2019/10/23,620.5,12724.03,50,301.22,82.42,235,48.6
2019/10/24,628,12724.03,50,301.22,82.42,235,48.6
2019/10/25,634.5,12724.03,50,301.22,82.42,235,48.6
2019/10/28,627,12836,61,268,82.68,235,48.6
2019/10/29,622,12836,61,268,82.68,235,48.6
2019/10/30,622.5,12836,61,268,82.68,235,48.6
2019/10/31,620.5,12836,61,268,82.68,194,52.2
2019/11/1,625.5,12836,61,268,82.68,194,52.2
2019/11/4,615,12648.5,54,312.19,83.98,194,52.2
2019/11/5,622,12648.5,54,312.19,83.98,194,52.2
2019/11/6,621.5,12648.5,54,312.19,83.98,194,52.2
2019/11/7,611,12648.5,54,312.19,83.98,194,52.2
2019/11/8,600,12648.5,54,312.19,83.98,194,52.2
2019/11/11,591.5,12585,52,295,82.42,194,52.2
2019/11/12,607,12585,52,295,82.42,194,52.2
2019/11/13,607.5,12585,52,295,82.42,194,52.2
2019/11/14,618.5,12585,52,295,82.42,194,52.2
2019/11/15,628.5,12585,52,295,82.42,194,52.2
2019/11/18,632,12373.75,53,316.43,83.98,194,52.2
2019/11/19,636.5,12373.75,53,316.43,83.98,194,52.2
2019/11/20,632.5,12373.75,53,316.43,83.98,194,52.2
2019/11/21,641.5,12373.75,53,316.43,83.98,194,52.2
2019/11/22,650.5,12373.75,53,316.43,83.98,194,52.2
2019/11/25,665.5,12517.25,53,306.13,83.59,194,52.2
2019/11/26,654.5,12517.25,53,306.13,83.59,194,52.2
2019/11/27,641.5,12517.25,53,306.13,83.59,194,52.2
2019/11/28,649.5,12517.25,53,306.13,83.59,194,52.2
2019/11/29,646,12517.25,53,306.13,83.59,194,52.2
2019/12/2,653,12383.41,77,304.35,84.77,95,50.4
2019/12/3,651.5,12383.41,77,304.35,84.77,95,50.4
2019/12/4,662,12383.41,77,304.35,84.77,95,50.4
2019/12/5,654.5,12383.41,77,304.35,84.77,95,50.4
2019/12/6,653,12383.41,77,304.35,84.77,95,50.4
2019/12/9,686.5,12343.88,52,313.99,85.68,95,50.4
2019/12/10,688,12343.88,52,313.99,85.68,95,50.4
2019/12/11,696,12343.88,52,313.99,85.68,95,50.4
2019/12/12,689.5,12343.88,52,313.99,85.68,95,50.4
2019/12/13,685.5,12343.88,52,313.99,85.68,95,50.4
2019/12/16,681,12307.54,73,318,84.51,95,50.4
2019/12/17,674,12307.54,73,318,84.51,95,50.4
2019/12/18,672,12307.54,73,318,84.51,95,50.4
2019/12/19,684,12307.54,73,318,84.51,95,50.4
2019/12/20,674,12307.54,73,318,84.51,95,50.4
2019/12/23,680,12692.51,64,271.43,84.51,95,50.4
2019/12/24,680,12692.51,64,271.43,84.51,95,50.4
2019/12/25,677,12692.51,64,271.43,84.51,95,50.4
2019/12/26,677.5,12692.51,64,271.43,84.51,95,50.4
2019/12/27,680,12692.51,64,271.43,84.51,95,50.4
2019/12/30,683,12695,54,305,83.46,95,50.4
2019/12/31,718,12695,54,305,83.46,208,49
2020/1/2,709.5,12695,54,305,83.46,208,49
2020/1/3,715,12695,54,305,83.46,208,49
2020/1/6,715,12513.4,62,308.14,85.16,208,49
2020/1/7,723,12513.4,62,308.14,85.16,208,49
2020/1/8,720,12513.4,62,308.14,85.16,208,49
2020/1/9,720,12513.4,62,308.14,85.16,208,49
2020/1/10,726.5,12513.4,62,308.14,85.16,208,49
2020/1/13,725,12337.86,70,304.42,84.24,208,49
2020/1/14,745,12337.86,70,304.42,84.24,208,49
2020/1/15,740,12337.86,70,304.42,84.24,208,49
2020/1/16,577,12337.86,70,304.42,84.24,208,49
2020/1/17,585,12337.86,70,304.42,84.24,208,49
2020/1/20,587.5,12373.93,61,317.23,84.24,208,49
2020/1/21,588.5,12373.93,61,317.23,84.24,208,49
2020/1/22,591,12373.93,61,317.23,84.24,208,49
2020/1/23,576.5,12373.93,61,317.23,84.24,208,49
2020/2/3,536,12373.93,52,300.15,85.16,127,51.8
2020/2/4,550,12373.93,52,300.15,85.16,127,51.8
2020/2/5,545,12373.93,52,300.15,85.16,127,51.8
2020/2/6,560,12373.93,52,300.15,85.16,127,51.8
2020/2/7,557.5,12373.93,52,300.15,85.16,127,51.8
2020/2/10,555,12557,49,264,81.25,127,51.8
2020/2/11,569,12557,49,264,81.25,127,51.8
2020/2/12,576,12557,49,264,81.25,127,51.8
2020/2/13,576.5,12557,49,264,81.25,127,51.8
2020/2/14,579,12557,49,264,81.25,127,51.8
2020/2/17,596,12468.96,51,275.9,78.91,127,51.8
2020/2/18,593.5,12468.96,51,275.9,78.91,127,51.8
2020/2/19,600.5,12468.96,51,275.9,78.91,127,51.8
2020/2/20,615.5,12468.96,51,275.9,78.91,127,51.8
2020/2/21,617.5,12468.96,51,275.9,78.91,127,51.8
2020/2/24,613,12394.23,52,283.37,77.08,127,51.8
2020/2/25,611.5,12394.23,52,283.37,77.08,127,51.8
2020/2/26,595.5,12394.23,52,283.37,77.08,127,51.8
2020/2/27,590,12394.23,52,283.37,77.08,127,51.8
2020/2/28,574,12394.23,52,283.37,77.08,127,51.8
2020/3/2,601.5,12170.16,45,296.24,77.6,236,53.8
2020/3/3,597,12170.16,45,296.24,77.6,236,53.8
2020/3/4,603.5,12170.16,45,296.24,77.6,236,53.8
2020/3/5,603.5,12170.16,45,296.24,77.6,236,53.8
2020/3/6,593.5,12170.16,45,296.24,77.6,236,53.8
2020/3/9,582,12077.47,52,285.9,78.13,236,53.8
2020/3/10,603,12077.47,52,285.9,78.13,236,53.8
2020/3/11,590.5,12077.47,52,285.9,78.13,236,53.8
2020/3/12,599,12077.47,52,285.9,78.13,236,53.8
2020/3/13,602.5,12077.47,52,285.9,78.13,236,53.8
2020/3/16,587.5,11911.13,66,301.114,78.52,236,53.8
2020/3/17,587.5,11911.13,66,301.114,78.52,236,53.8
2020/3/18,588,11911.13,66,301.114,78.52,236,53.8
2020/3/19,579.5,11911.13,66,301.114,78.52,236,53.8
2020/3/20,559.5,11911.13,66,301.114,78.52,236,53.8
2020/3/23,532.5,11844.13,54,299.33,79.69,236,53.8
2020/3/24,559.5,11844.13,54,299.33,79.69,236,53.8
2020/3/25,571,11844.13,54,299.33,79.69,236,53.8
2020/3/26,563.5,11844.13,54,299.33,79.69,236,53.8
2020/3/27,559,11844.13,54,299.33,79.69,236,53.8
2020/3/30,542,11694.89,49,310.56,81.38,236,53.8
2020/3/31,544,11694.89,49,310.56,81.38,261,51.4
2020/4/1,525,11694.89,49,310.56,81.38,261,51.4
2020/4/2,545,11694.89,49,310.56,81.38,261,51.4
2020/4/3,534,11694.89,49,310.56,81.38,261,51.4
2020/4/7,538.5,11536.3,66,303.225,83.72,261,51.4
2020/4/8,548.5,11536.3,66,303.225,83.72,261,51.4
2020/4/9,558,11536.3,66,303.225,83.72,261,51.4
2020/4/10,557,11536.3,66,303.225,83.72,261,51.4
2020/4/13,553.5,11609.35,72,304.11,85.29,261,51.4
2020/4/14,564,11609.35,72,304.11,85.29,261,51.4
2020/4/15,564,11609.35,72,304.11,85.29,261,51.4
2020/4/16,565,11609.35,72,304.11,85.29,261,51.4
2020/4/17,572.5,11609.35,72,304.11,85.29,261,51.4
2020/4/20,579,11635.78,58,304.143,87.11,261,51.4
2020/4/21,563.5,11635.78,58,304.143,87.11,261,51.4
2020/4/22,574,11635.78,58,304.143,87.11,261,51.4
2020/4/23,568,11635.78,58,304.143,87.11,261,51.4
2020/4/24,569.5,11635.78,58,304.143,87.11,261,51.4
2020/4/27,564,11585.36,51,305.688,87.11,261,51.4
2020/4/28,555,11585.36,51,305.688,87.11,261,51.4
2020/4/29,555.5,11585.36,51,305.688,87.11,261,51.4
2020/4/30,570,11585.36,51,305.688,87.11,-1397,45.5
2020/5/6,569,11585.36,63,318.43,87.63,-1397,45.5
2020/5/7,580,11585.36,63,318.43,87.63,-1397,45.5
2020/5/8,586.5,11585.36,63,318.43,87.63,-1397,45.5
2020/5/11,585.5,11188.96,71,316.44,88.28,-1397,45.5
2020/5/12,588,11188.96,71,316.44,88.28,-1397,45.5
2020/5/13,594.5,11036.1,71,316.44,88.28,-1397,45.5
2020/5/14,600,11036.1,71,316.44,88.28,-1397,45.5
2020/5/15,614.5,11036.1,71,316.44,88.28,-1397,45.5
2020/5/18,627.5,11094.9,66,300.607,89.84,-1397,45.5
2020/5/19,643.5,11094.9,66,300.607,89.84,-1397,45.5
2020/5/20,641,10964.45,66,300.607,89.84,-1397,45.5
2020/5/21,657,10964.45,66,300.607,89.84,-1397,45.5
2020/5/22,643,10964.45,66,300.607,89.84,-1397,45.5
2020/5/25,645.5,10926.08,72,308.14,90.49,-1397,45.5
2020/5/26,631,10926.08,72,308.14,90.49,-1397,45.5
2020/5/27,638,10938.39,72,308.14,90.49,-1397,45.5
2020/5/28,643.5,10938.39,72,308.14,90.49,-1397,45.5
2020/5/29,679,10938.39,72,308.14,90.49,-1397,45.5
2020/6/1,677,10784.85,72,301.94,91.02,-20471,42.5
2020/6/2,685.5,10784.85,72,301.94,91.02,-20471,42.5
2020/6/3,683,10755.35,72,301.94,91.02,-20471,42.5
2020/6/4,668.5,10755.35,72,301.94,91.02,-20471,42.5
2020/6/5,677,10755.35,72,301.94,91.02,-20471,42.5
2020/6/8,704,10753.7,78,314.08,91.02,-20471,42.5
2020/6/9,695,10753.7,78,314.08,91.02,-20471,42.5
2020/6/10,683,10628.58,78,314.08,91.02,-20471,42.5
2020/6/11,682,10628.58,78,314.08,91.02,-20471,42.5
2020/6/12,692,10628.58,78,314.08,91.02,-20471,42.5
2020/6/15,685,10697.7,57,296.3,91.67,-20471,42.5
2020/6/16,701.5,10697.7,57,296.3,91.67,-20471,42.5
2020/6/17,691,10702.4,57,296.3,91.67,-20471,42.5
2020/6/18,691,10702.4,57,296.3,91.67,-20471,42.5
2020/6/19,694,10702.4,57,296.3,91.67,-20471,42.5
2020/6/22,677.5,10617.16,78,310.292,91.54,-20471,42.5
2020/6/23,683,10617.16,78,310.292,91.54,-20471,42.5
2020/6/24,690.5,10633.3,78,310.292,91.54,-20471,42.5
2020/6/29,661.5,10633.3,83,319.67,91.8,-20471,42.5
2020/6/30,670.5,10633.3,83,319.67,91.8,2616,51.6
2020/7/1,671.5,10772,83,319.67,91.8,2616,51.6
2020/7/2,670.5,10772,83,319.67,91.8,2616,51.6
2020/7/3,675.5,10772,83,319.67,91.8,2616,51.6
2020/7/6,680.5,10808.75,75,315.38,91.02,2616,51.6
2020/7/7,693.5,10808.75,75,315.38,91.02,2616,51.6
2020/7/8,709.5,10849.1,75,315.38,91.02,2616,51.6
2020/7/9,712,10849.1,75,315.38,91.02,2616,51.6
2020/7/10,713,10849.1,75,315.38,91.02,2616,51.6
2020/7/13,741.5,10878.08,84,315.98,90.63,2616,51.6
2020/7/14,744,10878.08,84,315.98,90.63,2616,51.6
2020/7/15,745,10887.89,84,315.98,90.63,2616,51.6
2020/7/16,736.5,10887.89,84,315.98,90.63,2616,51.6
2020/7/17,742.5,10887.89,84,315.98,90.63,2616,51.6
2020/7/20,740,11047.44,99,310.59,90.76,2616,51.6
2020/7/21,758.5,11047.44,99,310.59,90.76,2616,51.6
2020/7/22,762,11169.5,99,310.59,90.76,2616,51.6
2020/7/23,765,11169.5,99,310.59,90.76,2616,51.6
2020/7/24,746,11169.5,99,310.59,90.76,2616,51.6
2020/7/27,730.5,11325.13,82,280.35,91.02,2616,51.6
2020/7/28,732,11325.13,82,280.35,91.02,2616,51.6
2020/7/29,752,11356.93,82,280.35,91.02,2616,51.6
2020/7/30,755.5,11356.93,82,280.35,91.02,2616,51.6
2020/7/31,764,11356.93,82,280.35,91.02,4631,56.8
2020/8/3,783.5,11402.72,102,310.87,91.15,4631,56.8
2020/8/4,801,11402.72,102,310.87,91.15,4631,56.8
2020/8/5,799.5,11397.62,102,310.87,91.15,4631,56.8
2020/8/6,825,11397.62,102,310.87,91.15,4631,56.8
2020/8/7,816,11397.62,102,310.87,91.15,4631,56.8
2020/8/10,822.5,11345.76,72,315.87,91.41,4631,56.8
2020/8/11,834,11345.76,72,315.87,91.41,4631,56.8
2020/8/12,832.5,11293.89,72,315.87,91.41,4631,56.8
2020/8/13,826.5,11293.89,72,315.87,91.41,4631,56.8
2020/8/14,839,11293.89,72,315.87,91.41,4631,56.8
2020/8/17,834.5,11323.05,90,328.62,91.93,4631,56.8
2020/8/18,863,11323.05,90,328.62,91.93,4631,56.8
2020/8/19,857,11160.89,90,328.62,91.93,4631,56.8
2020/8/20,848,11160.89,90,328.62,91.93,4631,56.8
2020/8/21,841.5,11160.89,90,328.62,91.93,4631,56.8
2020/8/24,832.5,11241.72,85,327.36,91.41,4631,56.8
2020/8/25,813.5,11241.72,85,327.36,91.41,4631,56.8
2020/8/26,828.5,11399.3,85,327.36,91.41,4631,56.8
2020/8/27,814.5,11399.3,85,327.36,91.41,4631,56.8
2020/8/28,832.5,11399.3,85,327.36,91.41,4631,56.8
2020/8/31,844,11310.48,81,310.66,91.41,1584,58.1
2020/9/1,846.5,11310.48,81,310.66,91.41,1584,58.1
2020/9/2,854.5,11297.67,81,310.66,91.41,1584,58.1
2020/9/3,857.5,11297.67,81,310.66,91.41,1584,58.1
2020/9/4,850,11297.67,81,310.66,91.41,1584,58.1
2020/9/7,851.5,11373.99,86,325.55,91.41,1584,58.1
2020/9/8,844,11373.99,86,325.55,91.41,1584,58.1
2020/9/9,824.5,11449.83,86,325.55,91.41,1584,58.1
2020/9/10,822,11449.83,86,325.55,91.41,1584,58.1
2020/9/11,837,11449.83,86,325.55,91.41,1584,58.1
2020/9/14,848.5,11456.45,80,313.83,90.89,1584,58.1
2020/9/15,827.5,11456.45,80,313.83,90.89,1584,58.1
2020/9/16,796.5,11501.92,80,313.83,90.89,1584,58.1
2020/9/17,790,11501.92,80,313.83,90.89,1584,58.1
2020/9/18,803,11501.92,80,313.83,90.89,1584,58.1
2020/9/21,776,11492.81,70,317.6,90.63,1584,58.1
2020/9/22,772.5,11492.81,70,317.6,90.63,1584,58.1
2020/9/23,766.5,11545.35,70,317.6,90.63,1584,58.1
2020/9/24,767,11545.35,70,317.6,90.63,1584,58.1
2020/9/25,764.5,11545.35,70,317.6,90.63,1584,58.1
2020/9/28,770,11616.05,97,312.89,89.06,1584,58.1
2020/9/29,780.5,11616.05,97,312.89,89.06,1584,58.1
2020/9/30,809,11616.05,97,312.89,89.06,1564,58.3
2020/10/9,830,11616.05,92,292.81,88.54,1564,58.3
2020/10/12,825,12060.9,86,317.7,89.19,1564,58.3
2020/10/13,813,12060.9,86,317.7,89.19,1564,58.3
2020/10/14,798.5,12108.72,86,317.7,89.19,1564,58.3
2020/10/15,787.5,12108.72,86,317.7,89.19,1564,58.3
2020/10/16,785.5,12108.72,86,317.7,89.19,1564,58.3
2020/10/19,781,12238.52,96,311.85,88.41,1564,58.3
2020/10/20,789,12238.52,96,311.85,88.41,1564,58.3
2020/10/21,797,12286.23,96,311.85,88.41,1564,58.3
2020/10/22,793.5,12286.23,96,311.85,88.41,1564,58.3
2020/10/23,771.5,12286.23,96,311.85,88.41,1564,58.3
2020/10/26,760.5,12415.58,75,308.29,88.28,1564,58.3
2020/10/27,768,12415.58,75,308.29,88.28,1564,58.3
2020/10/28,785.5,12590.67,75,308.29,88.28,1564,58.3
2020/10/29,779.5,12590.67,75,308.29,88.28,1564,58.3
2020/10/30,794.5,12590.67,75,308.29,88.28,1564,58.3
2020/11/2,801,12763.25,85,313.06,87.5,951,58.5
2020/11/3,787,12763.25,85,313.06,87.5,951,58.5
2020/11/4,786.5,12796.78,85,313.06,87.5,951,58.5
2020/11/5,783,12796.78,85,313.06,87.5,951,58.5
2020/11/6,789.5,12796.78,85,313.06,87.5,951,58.5
2020/11/9,817.5,12811.5,78,319.86,86.46,951,58.5
2020/11/10,825.5,12811.5,78,319.86,86.46,951,58.5
2020/11/11,838,12726.1,78,319.86,86.46,951,58.5
2020/11/12,835.5,12726.1,78,319.86,86.46,951,58.5
2020/11/13,832.5,12726.1,78,319.86,86.46,951,58.5
2020/11/16,841,12777.7,78,317.41,86.33,951,58.5
2020/11/17,855,12777.7,78,317.41,86.33,951,58.5
2020/11/18,858.5,12790.8,78,317.41,86.33,951,58.5
2020/11/19,876.5,12790.8,78,317.41,86.33,951,58.5
2020/11/20,887.5,12790.8,78,317.41,86.33,951,58.5
2020/11/23,867.5,12751.4,75,322.33,86.46,951,58.5
2020/11/24,876,12751.4,75,322.33,86.46,951,58.5
2020/11/25,880,12718.4,75,322.33,86.46,951,58.5
2020/11/26,897,12718.4,75,322.33,86.46,951,58.5
2020/11/27,902,12718.4,75,322.33,86.46,951,58.5
2020/11/30,911.5,12605.4,78,321.33,86.33,691,58.8
2020/12/1,908.5,12605.4,78,321.33,86.33,691,58.8
2020/12/2,934,12529.53,78,321.33,86.33,691,58.8
2020/12/3,937,12529.53,78,321.33,86.33,691,58.8
2020/12/4,972,12529.53,78,321.33,86.33,691,58.8
2020/12/7,967.5,12446.6,63,319.11,85.42,691,58.8
2020/12/8,957,12446.6,63,319.11,85.42,691,58.8
2020/12/9,969,12367.1,63,319.11,85.42,691,58.8
2020/12/10,1024,12367.1,63,319.11,85.42,691,58.8
2020/12/11,1059,12367.1,63,319.11,85.42,691,58.8
2020/12/14,1044.5,12203.2,74,306.15,84.77,691,58.8
2020/12/15,1059,12203.2,74,306.15,84.77,691,58.8
2020/12/16,1053,12393.41,74,306.15,84.77,691,58.8
2020/12/17,1080.5,12393.41,74,306.15,84.77,691,58.8
2020/12/18,1132.5,12393.41,74,306.15,84.77,691,58.8
2020/12/21,1197,12404.45,96,297.16,85.29,691,58.8
2020/12/22,1120.5,12404.45,96,297.16,85.29,691,58.8
2020/12/23,1087.5,12362.1,96,297.16,85.29,691,58.8
2020/12/24,1102.5,12362.1,96,297.16,85.29,691,58.8
2020/12/25,1114,12362.1,96,297.16,85.29,691,58.8
2020/12/28,1085.5,12408.68,63,303.96,85.55,691,58.8
2020/12/29,1104,12408.68,63,303.96,85.55,691,58.8
2020/12/30,1071,12501.57,63,303.96,85.55,691,58.8
2020/12/31,1079,12501.57,63,303.96,85.55,270,62.6
2021/1/4,1097.5,12501.57,61,280.1,86.07,270,62.6
2021/1/5,1096,12501.57,61,280.1,86.07,270,62.6
2021/1/6,1088.5,12247,61,280.1,86.07,270,62.6
2021/1/7,1116,12247,61,280.1,86.07,270,62.6
2021/1/8,1144,12247,61,280.1,86.07,270,62.6
2021/1/11,1134,12267.2,73,302.26,90.22,270,62.6
2021/1/12,1140,12267.2,73,302.26,90.22,270,62.6
2021/1/13,1138,12223.08,73,302.26,90.22,270,62.6
2021/1/14,1149,12223.08,73,302.26,90.22,270,62.6
2021/1/15,1160,12223.08,73,302.26,90.22,270,62.6
2021/1/18,943,12411.87,98,296.5,89.39,270,62.6
2021/1/19,920,12411.87,98,296.5,89.39,270,62.6
2021/1/20,933.5,12404.17,98,296.5,89.39,270,62.6
2021/1/21,930,12404.17,98,296.5,89.39,270,62.6
2021/1/22,919,12404.17,98,296.5,89.39,270,62.6
2021/1/25,917.5,12438.2,73,318.76,88.32,270,62.6
2021/1/26,906,12438.2,73,318.76,88.32,270,62.6
2021/1/27,911,12566.41,73,318.76,88.32,270,62.6
2021/1/28,863,12566.41,73,318.76,88.32,270,62.6
2021/1/29,864.5,12566.41,73,318.76,88.32,270,62.6
2021/2/1,851,12500.71,78,304.07,87.33,-183,68
2021/2/2,802,12500.71,78,304.07,87.33,-183,68
2021/2/3,796,12507.3,78,304.07,87.33,-183,68
2021/2/4,822,12507.3,78,304.07,87.33,-183,68
2021/2/5,831,12507.3,78,304.07,87.33,-183,68
2021/2/8,846,12519.4,80,328.01,88.56,-183,68
2021/2/9,871,12519.4,80,328.01,88.56,-183,68
2021/2/10,876.5,12483.35,80,328.01,88.56,-183,68
2021/2/18,915,12483.35,73,328.01,88.56,-183,68
2021/2/19,930,12483.35,73,328.01,88.56,-183,68
2021/2/22,945.5,12706.9,73,284.85,89.51,-183,68
2021/2/23,928.5,12706.9,73,284.85,89.51,-183,68
2021/2/24,939,12658.96,73,284.85,89.51,-183,68
2021/2/25,936,12658.96,73,284.85,89.51,-183,68
2021/2/26,948,12658.96,73,284.85,89.51,-183,68
2021/3/1,945,12644.73,73,294.97,89.5,365,67.1
2021/3/2,952,12644.73,73,294.97,89.5,365,67.1
2021/3/3,961,12797.4,73,294.97,89.5,365,67.1
2021/3/4,976,12797.4,73,294.97,89.5,365,67.1
2021/3/5,945,12797.4,73,294.97,89.5,365,67.1
2021/3/8,949.5,12789.2,76,271.52,88.93,365,67.1
2021/3/9,862.5,12789.2,76,271.52,88.93,365,67.1
2021/3/10,851.5,12769,76,271.52,88.93,365,67.1
2021/3/11,893.5,12769,76,271.52,88.93,365,67.1
2021/3/12,858,12769,76,271.52,88.93,365,67.1
2021/3/15,831.5,12882.4,85,278.57,86.32,365,67.1
2021/3/16,848.5,12882.4,85,278.57,86.32,365,67.1
2021/3/17,846,12937.51,85,278.57,86.32,365,67.1
2021/3/18,851,12937.51,85,278.57,86.32,365,67.1
2021/3/19,805,12937.51,85,278.57,86.32,365,67.1
2021/3/22,789.5,13021.1,81,282.31,85.64,365,67.1
2021/3/23,803,13021.1,81,282.31,85.64,365,67.1
2021/3/24,813,13070.89,81,282.31,85.64,365,67.1
2021/3/25,832.5,13070.89,81,282.31,85.64,365,67.1
2021/3/26,859,13070.89,81,282.31,85.64,365,67.1
2021/3/29,900.5,13066.1,75,306.54,85.52,365,67.1
2021/3/30,892,13066.1,75,306.54,85.52,365,67.1
2021/3/31,857.5,13107.3,75,306.54,85.52,509,66.7
2021/4/1,894.5,13107.3,75,306.54,85.52,509,66.7
2021/4/2,904.5,13107.3,75,306.54,85.52,509,66.7
2021/4/6,893,13132.9,86,293.78,83.45,509,66.7
2021/4/7,915.5,13132.9,86,293.78,83.45,509,66.7
2021/4/8,902.5,13132.9,86,293.78,83.45,509,66.7
2021/4/9,898,13132.9,86,293.78,83.45,509,66.7
2021/4/12,922,13098.82,89,280.91,83.86,509,66.7
2021/4/13,926.5,13098.82,89,280.91,83.86,509,66.7
2021/4/14,914,13205.59,89,280.91,83.86,509,66.7
2021/4/15,944.5,13205.59,89,280.91,83.86,509,66.7
2021/4/16,959.5,13205.59,89,280.91,83.86,509,66.7
2021/4/19,973,13315.37,88,290.01,84.13,509,66.7
2021/4/20,1007.5,13315.37,88,290.01,84.13,509,66.7
2021/4/21,1009.5,13272.51,88,290.01,84.13,509,66.7
2021/4/22,1002,13272.51,88,290.01,84.13,509,66.7
2021/4/23,1013,13272.51,88,290.01,84.13,509,66.7
2021/4/26,1053,13320.2,65,284.4,85.5,509,66.7
2021/4/27,1074.5,13320.2,65,284.4,85.5,509,66.7
2021/4/28,1049,13141.86,65,284.4,85.5,509,66.7
2021/4/29,1040,13141.86,65,284.4,85.5,509,66.7
2021/4/30,1005.5,13141.86,65,284.4,85.5,824,69.4
2021/5/6,1094,13026.69,87,303.44,86.18,824,69.4
2021/5/7,1142,13026.69,87,303.44,86.18,824,69.4
2021/5/10,1230,12957.78,76,296.13,86.99,824,69.4
2021/5/11,1213,12957.78,76,296.13,86.99,824,69.4
2021/5/12,1241,12957.78,76,296.13,86.99,824,69.4
2021/5/13,1106,12957.78,76,296.13,86.99,824,69.4
2021/5/14,1065,12957.78,76,296.13,86.99,824,69.4
2021/5/17,1089,12532.9,74,301.13,87.36,824,69.4
2021/5/18,1124,12532.9,74,301.13,87.36,824,69.4
2021/5/19,1074,12460.5,74,301.13,87.36,824,69.4
2021/5/20,1033.5,12460.5,74,301.13,87.36,824,69.4
2021/5/21,992,12460.5,74,301.13,87.36,824,69.4
2021/5/24,961.5,12510.6,78,291.37,87.23,824,69.4
2021/5/25,954.5,12510.6,78,291.37,87.23,824,69.4
2021/5/26,899,12567.61,78,291.37,87.23,824,69.4
2021/5/27,945.5,12567.61,78,291.37,87.23,824,69.4
2021/5/28,963,12567.61,78,291.37,87.23,824,69.4
2021/5/31,1005.5,12622.16,77,290.09,88.07,365,66.9
2021/6/1,1063.5,12622.16,77,290.09,88.07,365,66.9
2021/6/2,1063.5,12556,77,290.09,88.07,365,66.9
2021/6/3,1091.5,12556,77,290.09,88.07,365,66.9
2021/6/4,1065.5,12556,77,290.09,88.07,365,66.9
2021/6/7,1018.5,12534.7,73,294.46,88.05,365,66.9
2021/6/8,1032,12534.7,73,294.46,88.05,365,66.9
2021/6/9,1060,12402.1,73,294.46,88.05,365,66.9
2021/6/10,1061,12402.1,73,294.46,88.05,365,66.9
2021/6/11,1123,12402.1,73,294.46,88.05,365,66.9
2021/6/15,1106,12367.17,79,298.29,87.5,365,66.9
2021/6/16,1079.5,12367.17,79,298.29,87.5,365,66.9
2021/6/17,1102,12367.17,79,298.29,87.5,365,66.9
2021/6/18,1075,12367.17,79,298.29,87.5,365,66.9
2021/6/21,998,12088.75,81,300.53,87.4,365,66.9
2021/6/22,1011,12088.75,81,300.53,87.4,365,66.9
2021/6/23,1043.5,12141.32,81,300.53,87.4,365,66.9
2021/6/24,1026.5,12141.32,81,300.53,87.4,365,66.9
2021/6/25,1046,12141.32,81,300.53,87.4,365,66.9
2021/6/28,1061,12175.91,63,294.98,86.85,365,66.9
2021/6/29,1018.5,12175.91,63,294.98,86.85,365,66.9
2021/6/30,1029.5,12137.32,63,294.98,86.85,421,72.8
2021/7/1,1024.5,12137.32,63,294.98,86.85,421,72.8
2021/7/2,1039,12137.32,63,294.98,86.85,421,72.8
2021/7/5,1075,12234.86,69,258.28,63.89,421,72.8
2021/7/6,1082.5,12234.86,69,258.28,63.89,421,72.8
2021/7/7,1104,12344.6,69,258.28,63.89,421,72.8
2021/7/8,1061.5,12344.6,69,258.28,63.89,421,72.8
2021/7/9,1039,12344.6,69,258.28,63.89,421,72.8
2021/7/12,1059,12457.6,73,285.43,85.38,421,72.8
2021/7/13,1088.5,12457.6,73,285.43,85.38,421,72.8
2021/7/14,1086,12614.68,73,285.43,85.38,421,72.8
2021/7/15,1108,12614.68,73,285.43,85.38,421,72.8
2021/7/16,1132.5,12614.68,73,285.43,85.38,421,72.8
2021/7/19,1114.5,12551.38,75,277.09,83.88,421,72.8
2021/7/20,1114,12551.38,75,277.09,83.88,421,72.8
2021/7/21,1065,12663,75,277.09,83.88,421,72.8
2021/7/22,1031.5,12663,75,277.09,83.88,421,72.8
2021/7/23,1024,12663,75,277.09,83.88,421,72.8
2021/7/26,1020.5,12847.76,67,284.24,82.79,421,72.8
2021/7/27,992.5,12847.76,67,284.24,82.79,421,72.8
2021/7/28,1007.5,12775.96,67,284.24,82.79,421,72.8
2021/7/29,980.5,12775.96,67,284.24,82.79,421,72.8
2021/7/30,922,12775.96,67,284.24,82.79,421,72.8
2021/8/2,949.5,12813.42,73,248.82,81.67,796,61.2
2021/8/3,946,12813.42,73,248.82,81.67,796,61.2
2021/8/4,941,12601.49,73,248.82,81.67,796,61.2
2021/8/5,888.5,12601.49,73,248.82,81.67,796,61.2
2021/8/6,895,12601.49,73,248.82,81.67,796,61.2
2021/8/9,852.5,12639.3,91,284.37,81.92,796,61.2
2021/8/10,853,12639.3,91,284.37,81.92,796,61.2
2021/8/11,871.5,12641.26,91,284.37,81.92,796,61.2
2021/8/12,838,12641.26,91,284.37,81.92,796,61.2
2021/8/13,841.5,12641.26,91,284.37,81.92,796,61.2
2021/8/16,850.5,12628.3,71,299.17,82.58,796,61.2
2021/8/17,834,12628.3,71,299.17,82.58,796,61.2
2021/8/18,813,12654.73,71,299.17,82.58,796,61.2
2021/8/19,762.5,12654.73,71,299.17,82.58,796,61.2
2021/8/20,777.5,12654.73,71,299.17,82.58,796,61.2
2021/8/23,757,12795.78,87,295.11,80.93,796,61.2
2021/8/24,817.5,12795.78,87,295.11,80.93,796,61.2
2021/8/25,802.5,12845.22,87,295.11,80.93,796,61.2
2021/8/26,816,12845.22,87,295.11,80.93,796,61.2
2021/8/27,840,12845.22,87,295.11,80.93,796,61.2
2021/8/30,835,12920.9,76,296.48,81.62,796,61.2
2021/8/31,808,12920.9,76,296.48,81.62,931,62.9
2021/9/1,765,12856.34,76,296.48,81.62,931,62.9
2021/9/2,773.5,12856.34,76,296.48,81.62,931,62.9
2021/9/3,786,12856.34,76,296.48,81.62,931,62.9
2021/9/6,723,13099.15,59,291.68,81.62,931,62.9
2021/9/7,763,13099.15,59,291.68,81.62,931,62.9
2021/9/8,747,12957.31,59,291.68,81.62,931,62.9
2021/9/9,730,12957.31,59,291.68,81.62,931,62.9
2021/9/10,732.5,12957.31,59,291.68,81.62,931,62.9
2021/9/13,706,13035.2,79,283.26,80.93,931,62.9
2021/9/14,711,13035.2,79,283.26,80.93,931,62.9
2021/9/15,692.5,13031.8,79,283.26,80.93,931,62.9
2021/9/16,670.5,13031.8,79,283.26,80.93,931,62.9
2021/9/17,629,13031.8,79,283.26,80.93,931,62.9
2021/9/22,668.5,12975.74,47,274.23,79.15,931,62.9
2021/9/23,667,12975.74,47,274.23,79.15,931,62.9
2021/9/24,684.5,12975.74,47,274.23,79.15,931,62.9
2021/9/27,703,12857.22,67,281.8,77.44,931,62.9
2021/9/28,678,12857.22,67,281.8,77.44,931,62.9
2021/9/29,694,13122.14,67,281.8,77.44,931,62.9
2021/9/30,721.5,13122.14,67,281.8,77.44,487,61.3
2021/10/8,762.5,13122.14,69,286.56,73.24,487,61.3
2021/10/11,797.5,13419.3,84,274.19,77.52,487,61.3
2021/10/12,769.5,13419.3,84,274.19,77.52,487,61.3
2021/10/13,731,13564.46,84,274.19,77.52,487,61.3
2021/10/14,736,13564.46,84,274.19,77.52,487,61.3
2021/10/15,723.5,13564.46,84,274.19,77.52,487,61.3
2021/10/18,711,13898.19,77,267.42,78.07,487,61.3
2021/10/19,707,13898.19,77,267.42,78.07,487,61.3
2021/10/20,710,14121.51,77,267.42,78.07,487,61.3
2021/10/21,650.5,14121.51,77,267.42,78.07,487,61.3
2021/10/22,689.5,14121.51,77,267.42,78.07,487,61.3
2021/10/25,688.5,14045.48,88,276.33,76.55,487,61.3
2021/10/26,714.5,14045.48,88,276.33,76.55,487,61.3
2021/10/27,707,14244.7,88,276.33,76.55,487,61.3
2021/10/28,683.5,14244.7,88,276.33,76.55,487,61.3
2021/10/29,637.5,14244.7,88,276.33,76.55,487,61.3
2021/11/1,618.5,14491.95,71,289.39,74.9,466,63.5
2021/11/2,565.5,14491.95,71,289.39,74.9,466,63.5
2021/11/3,589.5,14649.63,71,289.39,74.9,466,63.5
2021/11/4,582.5,14649.63,71,289.39,74.9,466,63.5
2021/11/5,560.5,14649.63,71,289.39,74.9,466,63.5
2021/11/8,570.5,14703.83,73,283.79,70.9,466,63.5
2021/11/9,561,14703.83,73,283.79,70.9,466,63.5
2021/11/10,536.5,14926.3,73,283.79,70.9,466,63.5
2021/11/11,570.5,14926.3,73,283.79,70.9,466,63.5
2021/11/12,546.5,14926.3,73,283.79,70.9,466,63.5
2021/11/15,539,15005.7,69,271.85,71.59,466,63.5
2021/11/16,540.5,15005.7,69,271.85,71.59,466,63.5
2021/11/17,538.5,15097.5,69,271.85,71.59,466,63.5
2021/11/18,511.5,15097.5,69,271.85,71.59,466,63.5
2021/11/19,536,15097.5,69,271.85,71.59,466,63.5
2021/11/22,558,15106.19,69,289.75,70.34,466,63.5
2021/11/23,587,15106.19,69,289.75,70.34,466,63.5
2021/11/24,616.5,15255.16,69,289.75,70.34,466,63.5
2021/11/25,611.5,15255.16,69,289.75,70.34,466,63.5
2021/11/26,575.5,15255.16,69,289.75,70.34,466,63.5
2021/11/29,614.5,15251.47,49,281.41,69.66,466,63.5
2021/11/30,609.5,15251.47,49,281.41,69.66,857,72.1
2021/12/1,624,15424.17,49,281.41,69.66,857,72.1
2021/12/2,601,15424.17,49,281.41,69.66,857,72.1
2021/12/3,597,15424.17,49,281.41,69.66,857,72.1
2021/12/6,591.5,15456.93,60,276.09,69.79,857,72.1
2021/12/7,643,15456.93,60,276.09,69.79,857,72.1
2021/12/8,646,15499.57,60,276.09,69.79,857,72.1
2021/12/9,639,15499.57,60,276.09,69.79,857,72.1
2021/12/10,635,15499.57,60,276.09,69.79,857,72.1
2021/12/13,677.5,15484.91,55,279.72,68.14,857,72.1
2021/12/14,660.5,15484.91,55,279.72,68.14,857,72.1
2021/12/15,666.5,15532.09,55,279.72,68.14,857,72.1
2021/12/16,679,15532.09,55,279.72,68.14,857,72.1
2021/12/17,681.5,15532.09,55,279.72,68.14,857,72.1
2021/12/20,673.5,15696.3,64,286.13,68,857,72.1
2021/12/21,690,15696.3,64,286.13,68,857,72.1
2021/12/22,689.5,15443.5,64,286.13,68,857,72.1
2021/12/23,687,15443.5,64,286.13,68,857,72.1
2021/12/24,708,15443.5,64,286.13,68,857,72.1
2021/12/27,686.5,15512.6,65,298.22,67.87,857,72.1
2021/12/28,679.5,15512.6,65,298.22,67.87,857,72.1
2021/12/29,674,15522.3,65,298.22,67.87,857,72.1
2021/12/30,681,15522.3,65,298.22,67.87,857,72.1
2021/12/31,633,15522.3,65,298.22,67.87,637,52.9
2022/1/4,694,15625.65,76,294.06,71.01,637,52.9
2022/1/5,691,15625.65,76,294.06,71.01,637,52.9
2022/1/6,702.5,15625.65,76,294.06,71.01,637,52.9
2022/1/7,705.5,15625.65,76,294.06,71.01,637,52.9
2022/1/10,700,15605.1,70,317.649,74.2,637,52.9
2022/1/11,700,15605.1,70,317.649,74.2,637,52.9
2022/1/12,735.5,15691.5,70,317.649,74.2,637,52.9
2022/1/13,735,15691.5,70,317.649,74.2,637,52.9
2022/1/14,736,15691.5,70,317.649,74.2,637,52.9
2022/1/17,695,15697.19,72,312.17,75.77,637,52.9
2022/1/18,666,15697.19,72,312.17,75.77,637,52.9
2022/1/19,690.5,15503.35,72,312.17,75.77,637,52.9
2022/1/20,694.5,15503.35,72,312.17,75.77,637,52.9
2022/1/21,705,15503.35,72,312.17,75.77,637,52.9
2022/1/24,697.5,15435.81,68,328.119,76.25,637,52.9
2022/1/25,715,15435.81,68,328.119,76.25,637,52.9
2022/1/26,719,15312.15,68,328.119,76.25,637,52.9
2022/1/27,719,15312.15,68,328.119,76.25,637,52.9
2022/1/28,757,15312.15,68,328.119,76.25,637,52.9
2022/2/7,752,15309.93,53,247.38,74.86,575,48.1
2022/2/8,760,15309.93,53,247.38,74.86,575,48.1
2022/2/9,727,15726.3,53,247.38,74.86,575,48.1
2022/2/10,758.5,15726.3,53,247.38,74.86,575,48.1
2022/2/11,740,15726.3,53,247.38,74.86,575,48.1
2022/2/14,723,15889.94,74,247.882,68.19,575,48.1
2022/2/15,651.5,15889.94,74,247.882,68.19,575,48.1
2022/2/16,671.5,15939.2,74,247.882,68.19,575,48.1
2022/2/17,645,15939.2,74,247.882,68.19,575,48.1
2022/2/18,649.5,15939.2,74,247.882,68.19,575,48.1
2022/2/21,658.5,16034.05,63,255.361,69.58,575,48.1
2022/2/22,639.5,16034.05,63,255.361,69.58,575,48.1
2022/2/23,658.5,16043.68,63,255.361,69.58,575,48.1
2022/2/24,665.5,16043.68,63,255.361,69.58,575,48.1
2022/2/25,643.5,16043.68,63,255.361,69.58,575,48.1
2022/2/28,664.5,15886.57,53,293.7854,73.44,225,56.4
2022/3/1,693,15886.57,53,293.7854,73.44,225,56.4
2022/3/2,711.5,15767.57,53,293.7854,73.44,225,56.4
2022/3/3,745.5,15767.57,53,293.7854,73.44,225,56.4
2022/3/4,769,15767.57,53,293.7854,73.44,225,56.4
2022/3/7,821.5,15854.52,64,297.8486,74.72,225,56.4
2022/3/8,795,15854.52,64,297.8486,74.72,225,56.4
2022/3/9,768,15742.75,64,297.8486,74.72,225,56.4
2022/3/10,762.5,15742.75,64,297.8486,74.72,225,56.4
2022/3/11,780,15742.75,64,297.8486,74.72,225,56.4
2022/3/14,735,15714.3,60,276.25,70.85,225,56.4
2022/3/15,723,15714.3,60,276.25,70.85,225,56.4
2022/3/16,766,15501.71,60,276.25,70.85,225,56.4
2022/3/17,776.5,15501.71,60,276.25,70.85,225,56.4
2022/3/18,796.5,15501.71,60,276.25,70.85,225,56.4
2022/3/21,798,15497.3,63,272.44,78.91,225,56.4
2022/3/22,771,15497.3,63,272.44,78.91,225,56.4
2022/3/23,790,15391.93,63,272.44,78.91,225,56.4
2022/3/24,785,15391.93,63,272.44,78.91,225,56.4
2022/3/25,818,15391.93,63,272.44,78.91,225,56.4
2022/3/28,836.5,15517.93,57,264.21,78.21,225,56.4
2022/3/29,835,15517.93,57,264.21,78.21,225,56.4
2022/3/30,866.5,15531.1,57,264.21,78.21,225,56.4
2022/3/31,866,15531.1,57,264.21,78.21,869,60
2022/4/1,894.5,15531.1,57,264.21,78.21,869,60
2022/4/6,898,15389.02,64,269.193,77.45,869,60
2022/4/7,874.5,15389.02,64,269.193,77.45,869,60
2022/4/8,892,15389.02,64,269.193,77.45,869,60
2022/4/11,843.5,15225.85,57,301.5,79.27,869,60
2022/4/12,895.5,15225.85,57,301.5,79.27,869,60
2022/4/13,855,15025.23,57,301.5,79.27,869,60
2022/4/14,871.5,15025.23,57,301.5,79.27,869,60
2022/4/15,888,15025.23,57,301.5,79.27,869,60
2022/4/18,894.5,14872.5,75,300.36,80.11,869,60
2022/4/19,861,14872.5,75,300.36,80.11,869,60
2022/4/20,867,14742.8,75,300.36,80.11,869,60
2022/4/21,864.5,14742.8,75,300.36,80.11,869,60
2022/4/22,829,14742.8,75,300.36,80.11,869,60
2022/4/25,751.5,14725.4,64,308.25,79.8,869,60
2022/4/26,769,14725.4,64,308.25,79.8,869,60
2022/4/27,781.5,14771.95,64,308.25,79.8,869,60
2022/4/28,806.5,14771.95,64,308.25,79.8,869,60
2022/4/29,825,14771.95,64,308.25,79.8,869,60
2022/5/5,823,14517.5,63,297.77,80.93,471,66.1
2022/5/6,775,14517.5,63,297.77,80.93,471,66.1
2022/5/9,759.5,14324.82,61,315.66,81.91,471,66.1
2022/5/10,729.5,14324.82,61,315.66,81.91,471,66.1
2022/5/11,771,14192.6,61,315.66,81.91,471,66.1
2022/5/12,751.5,14192.6,61,315.66,81.91,471,66.1
2022/5/13,777,14192.6,61,315.66,81.91,471,66.1
2022/5/16,789,13995.7,62,321.3,82.61,471,66.1
2022/5/17,785.5,13995.7,62,321.3,82.61,471,66.1
2022/5/18,750,13619.36,62,321.3,82.61,471,66.1
2022/5/19,777,13619.36,62,321.3,82.61,471,66.1
2022/5/20,794,13619.36,62,321.3,82.61,471,66.1
2022/5/23,808,13558.37,69,330.7,83.01,471,66.1
2022/5/24,773,13558.37,69,330.7,83.01,471,66.1
2022/5/25,796,13574.8,69,330.7,83.01,471,66.1
2022/5/26,780.5,13574.8,69,330.7,83.01,471,66.1
2022/5/27,806,13574.8,69,330.7,83.01,471,66.1
2022/5/30,815.5,13453.8,69,318.04,83.83,471,66.1
2022/5/31,825,13453.8,69,318.04,83.83,305,64.2
2022/6/1,840.5,13337.34,69,318.04,83.83,305,64.2
2022/6/2,870.5,13337.34,69,318.04,83.83,305,64.2
2022/6/6,862.5,13337.34,69,323.42,83.68,305,64.2
2022/6/7,866,13337.34,69,323.42,83.68,305,64.2
2022/6/8,863,12921.11,69,323.42,83.68,305,64.2
2022/6/9,862.5,12921.11,69,323.42,83.68,305,64.2
2022/6/10,845,12921.11,69,323.42,83.68,305,64.2
2022/6/13,824.5,12845.33,56,318.59,84.11,305,64.2
2022/6/14,817.5,12845.33,56,318.59,84.11,305,64.2
2022/6/15,794,12688.82,56,318.59,84.11,305,64.2
2022/6/16,792.5,12688.82,56,318.59,84.11,305,64.2
2022/6/17,748,12688.82,56,318.59,84.11,305,64.2
2022/6/20,687.5,12665.26,68,306.24,83.83,305,64.2
2022/6/21,690,12665.26,68,306.24,83.83,305,64.2
2022/6/22,669.5,12609.03,68,306.24,83.83,305,64.2
2022/6/23,705.5,12609.03,68,306.24,83.83,305,64.2
2022/6/24,693,12609.03,68,306.24,83.83,305,64.2
2022/6/27,725.5,12571.57,66,294.55,81.92,305,64.2
2022/6/28,747.5,12571.57,66,294.55,81.92,305,64.2
2022/6/29,741,12544.15,66,294.55,81.92,305,64.2
2022/6/30,732,12544.15,66,294.55,81.92,241,55.8
2022/7/1,696,12544.15,66,294.55,81.92,241,55.8
2022/7/4,665,12625.5,65,283.13,80.79,241,55.8
2022/7/5,685,12625.5,65,283.13,80.79,241,55.8
2022/7/6,678.5,12713.04,65,283.13,80.79,241,55.8
2022/7/7,688,12713.04,65,283.13,80.79,241,55.8
2022/7/8,683,12713.04,65,283.13,80.79,241,55.8
2022/7/11,670.5,12654.62,88,288.75,78.53,241,55.8
2022/7/12,639.5,12654.62,88,288.75,78.53,241,55.8
2022/7/13,663,12873.84,88,288.75,78.53,241,55.8
2022/7/14,630.5,12873.84,88,288.75,78.53,241,55.8
2022/7/15,600.5,12873.84,88,288.75,78.53,241,55.8
2022/7/18,631,13028.29,76,274.29,76.98,241,55.8
2022/7/19,624,13028.29,76,274.29,76.98,241,55.8
2022/7/20,636,13247.58,76,274.29,76.98,241,55.8
2022/7/21,635.5,13247.58,76,274.29,76.98,241,55.8
2022/7/22,644.5,13247.58,76,274.29,76.98,241,55.8
2022/7/25,669.5,13194.55,56,260.71,73.16,241,55.8
2022/7/26,695,13194.55,56,260.71,73.16,241,55.8
2022/7/27,684.5,13290.98,56,260.71,73.16,241,55.8
2022/7/28,727,13290.98,56,260.71,73.16,241,55.8
2022/7/29,715,13290.98,56,260.71,73.16,241,55.8
2022/8/1,722.5,13534.55,69,259.84,71.61,461,52
2022/8/2,735.5,13534.55,69,259.84,71.61,461,52
2022/8/3,719,13565.79,69,259.84,71.61,461,52
2022/8/4,688.5,13565.79,69,259.84,71.61,461,52
2022/8/5,723,13565.79,69,259.84,71.61,461,52
2022/8/8,737.5,13703.98,85,268.04,72.7,461,52
2022/8/9,723,13703.98,85,268.04,72.7,461,52
2022/8/10,724.5,13762,85,268.04,72.7,461,52
2022/8/11,741,13762,85,268.04,72.7,461,52
2022/8/12,730.5,13762,85,268.04,72.7,461,52
2022/8/15,707.5,13886.16,70,272.85,76.24,461,52
2022/8/16,720.5,13886.16,70,272.85,76.24,461,52
2022/8/17,684,13900.3,70,272.85,76.24,461,52
2022/8/18,678.5,13900.3,70,272.85,76.24,461,52
2022/8/19,673.5,13900.3,70,272.85,76.24,461,52
2022/8/22,690.5,13888.2,77,278.22,77.9,461,52
2022/8/23,705,13888.2,77,278.22,77.9,461,52
2022/8/24,716,13859.34,77,278.22,77.9,461,52
2022/8/25,705.5,13859.34,77,278.22,77.9,461,52
2022/8/26,735,13859.34,77,278.22,77.9,461,52
2022/8/29,714,13815.99,61,283.09,80.14,461,52
2022/8/30,682,13815.99,61,283.09,80.14,461,52
2022/8/31,685,13975.67,61,283.09,80.14,696,40.4
2022/9/1,675.5,13975.67,61,283.09,80.14,696,40.4
2022/9/2,667.5,13975.67,61,283.09,80.14,696,40.4
2022/9/5,692,14036.46,62,287.16,80.85,696,40.4
2022/9/6,691.5,14036.46,62,287.16,80.85,696,40.4
2022/9/7,680,13793.81,62,287.16,80.85,696,40.4
2022/9/8,706,13793.81,62,287.16,80.85,696,40.4
2022/9/9,720.5,13793.81,62,287.16,80.85,696,40.4
2022/9/13,728.5,13688.98,66,298.55,81.99,696,40.4
2022/9/14,720.5,13688.98,66,298.55,81.99,696,40.4
2022/9/15,722.5,13688.98,66,298.55,81.99,696,40.4
2022/9/16,715,13688.98,66,298.55,81.99,696,40.4
2022/9/19,705.5,13718.92,80,279.78,82.41,696,40.4
2022/9/20,696,13718.92,80,279.78,82.41,696,40.4
2022/9/21,703.5,13413.12,80,279.78,82.41,696,40.4
2022/9/22,718,13413.12,80,279.78,82.41,696,40.4
2022/9/23,719,13413.12,80,279.78,82.41,696,40.4
2022/9/26,710.5,13184.2,70,315.14,82.81,696,40.4
2022/9/27,718.5,13184.2,70,315.14,82.81,696,40.4
2022/9/28,711.5,13176.29,70,315.14,82.81,696,40.4
2022/9/29,722.5,13176.29,70,315.14,82.81,696,40.4
2022/9/30,721.5,13176.29,70,315.14,82.81,237,44.3
2022/10/10,739.5,13075.64,73,304.84,83.5,237,44.3
2022/10/11,721,13075.64,73,304.84,83.5,237,44.3
2022/10/12,714.5,12857.97,73,304.84,83.5,237,44.3
2022/10/13,696,12857.97,73,304.84,83.5,237,44.3
2022/10/14,702.5,12857.97,73,304.84,83.5,237,44.3
2022/10/17,686.5,12992.7,65,314.07,82.62,237,44.3
2022/10/18,687,12992.7,65,314.07,82.62,237,44.3
2022/10/19,688,12999.03,65,314.07,82.62,237,44.3
2022/10/20,667,12999.03,65,314.07,82.62,237,44.3
2022/10/21,676.5,12999.03,65,314.07,82.62,237,44.3
2022/10/24,679.5,12912.76,75,298.72,82.05,237,44.3
2022/10/25,669.5,12912.76,75,298.72,82.05,237,44.3
2022/10/26,662.5,12963.93,75,298.72,82.05,237,44.3
2022/10/27,643.5,12963.93,75,298.72,82.05,237,44.3
2022/10/28,624.5,12963.93,75,298.72,82.05,237,44.3
2022/10/31,606.5,12944.22,81,307.94,81.48,227,51.3
2022/11/1,628,12944.22,81,307.94,81.48,227,51.3
2022/11/2,629,13110.18,81,307.94,81.48,227,51.3
2022/11/3,634.5,13110.18,81,307.94,81.48,227,51.3
2022/11/4,662.5,13110.18,81,307.94,81.48,227,51.3
2022/11/7,661.5,13193.46,53,287.62,78.77,227,51.3
2022/11/8,680,13193.46,53,287.62,78.77,227,51.3
2022/11/9,686,13284.31,53,287.62,78.77,227,51.3
2022/11/10,675.5,13284.31,53,287.62,78.77,227,51.3
2022/11/11,708.5,13284.31,53,287.62,78.77,227,51.3
2022/11/14,710.5,13258.77,84,295.02,77.21,227,51.3
2022/11/15,719,13258.77,84,295.02,77.21,227,51.3
2022/11/16,734,13247.55,84,295.02,77.21,227,51.3
2022/11/17,740,13247.55,84,295.02,77.21,227,51.3
2022/11/18,753.5,13247.55,84,295.02,77.21,227,51.3
2022/11/21,745.5,13319.04,59,292.62,76.35,227,51.3
2022/11/22,725,13319.04,59,292.62,76.35,227,51.3
2022/11/23,732.5,13366.08,59,292.62,76.35,227,51.3
2022/11/24,732,13366.08,59,292.62,76.35,227,51.3
2022/11/25,758,13366.08,59,292.62,76.35,227,51.3
2022/11/28,755.5,13484.64,64,283.84,77.03,227,51.3
2022/11/29,770.5,13484.64,64,283.84,77.03,227,51.3
2022/11/30,769,13464.82,64,283.84,77.03,400,53.3
2022/12/1,766.5,13464.82,64,283.84,77.03,400,53.3
2022/12/2,787.5,13464.82,64,283.84,77.03,400,53.3
2022/12/5,795.5,13277.81,70,299.57,75.61,400,53.3
2022/12/6,795.5,13277.81,70,299.57,75.61,400,53.3
2022/12/7,790,13478.5,70,299.57,75.61,400,53.3
2022/12/8,814,13478.5,70,299.57,75.61,400,53.3
2022/12/9,840,13478.5,70,299.57,75.61,400,53.3
2022/12/12,830,13384.62,65,303.25,75.89,400,53.3
2022/12/13,834.5,13384.62,65,303.25,75.89,400,53.3
2022/12/14,833.5,13526.05,65,303.25,75.89,400,53.3
2022/12/15,854,13526.05,65,303.25,75.89,400,53.3
2022/12/16,846,13526.05,65,303.25,75.89,400,53.3
2022/12/19,821,13398.78,73,310.05,75.97,400,53.3
2022/12/20,827,13398.78,73,310.05,75.97,400,53.3
2022/12/21,847,13426.85,73,310.05,75.97,400,53.3
2022/12/22,832,13426.85,73,310.05,75.97,400,53.3
2022/12/23,837.5,13426.85,73,310.05,75.97,400,53.3
2022/12/26,839.5,13336.64,69,304.37,75.93,400,53.3
2022/12/27,839,13336.64,69,304.37,75.93,400,53.3
2022/12/28,839,13203.47,69,304.37,75.93,400,53.3
2022/12/29,846,13203.47,69,304.37,75.93,400,53.3
2022/12/30,865,13203.47,69,304.37,75.93,400,53.3
2023/1/3,863.5,13185.63,76,291.88,75.21,297,50.7
2023/1/4,858,13185.63,76,291.88,75.21,297,50.7
2023/1/5,839,13185.63,76,291.88,75.21,297,50.7
2023/1/6,851,13185.63,76,291.88,75.21,297,50.7
2023/1/9,830,13130.54,89,311.96,74.64,297,50.7
2023/1/10,845.5,13130.54,89,311.96,74.64,297,50.7
2023/1/11,848,13278.31,89,311.96,74.64,297,50.7
2023/1/12,864,13278.31,89,311.96,74.64,297,50.7
2023/1/13,900,13278.31,89,311.96,74.64,297,50.7
2023/1/16,865,13358.93,72,327.48,75.68,297,50.7
2023/1/17,783.5,13358.93,72,327.48,75.68,297,50.7
2023/1/18,788,13284.65,72,327.48,75.68,297,50.7
2023/1/19,797.5,13284.65,72,327.48,75.68,297,50.7
2023/1/20,806,13284.65,72,327.48,75.68,297,50.7
2023/1/30,809.5,13201.72,72,250.83,76.69,297,50.7
2023/1/31,804,13201.72,72,250.83,76.69,126,51.6
2023/2/1,800.5,13794.34,72,250.83,76.69,126,51.6
2023/2/2,773.5,13794.34,72,250.83,76.69,126,51.6
2023/2/3,786,13794.34,72,250.83,76.69,126,51.6
2023/2/6,788,13911.29,74,263.67,77.41,126,51.6
2023/2/7,771,13911.29,74,263.67,77.41,126,51.6
2023/2/8,778.5,13911.21,74,263.67,77.41,126,51.6
2023/2/9,793,13911.21,74,263.67,77.41,126,51.6
2023/2/10,793.5,13911.21,74,263.67,77.41,126,51.6
2023/2/13,765,14010.28,80,305.45,78.42,126,51.6
2023/2/14,775,14010.28,80,305.45,78.42,126,51.6
2023/2/15,776,14033.51,80,305.45,78.42,126,51.6
2023/2/16,781.5,14033.51,80,305.45,78.42,126,51.6
2023/2/17,797.5,14033.51,80,305.45,78.42,126,51.6
2023/2/20,797.5,14110.72,65,314.41,79.54,126,51.6
2023/2/21,811.5,14110.72,65,314.41,79.54,126,51.6
2023/2/22,800,14247.36,65,314.41,79.54,126,51.6
2023/2/23,816.5,14247.36,65,314.41,79.54,126,51.6
2023/2/24,822.5,14247.36,65,314.41,79.54,126,51.6
2023/2/27,802,14223.26,55,319.29,80.98,126,51.6
2023/2/28,801,14223.26,55,319.29,80.98,444,52.2
2023/3/1,815,14074.57,55,319.29,80.98,444,52.2
2023/3/2,818,14074.57,55,319.29,80.98,444,52.2
2023/3/3,821,14074.57,55,319.29,80.98,444,52.2
2023/3/6,810.5,14000.56,60,321.77,81.07,444,52.2
2023/3/7,817.5,14000.56,60,321.77,81.07,444,52.2
2023/3/8,815.5,13927.86,60,321.77,81.07,444,52.2
2023/3/9,821,13927.86,60,321.77,81.07,444,52.2
2023/3/10,814.5,13927.86,60,321.77,81.07,444,52.2
2023/3/13,831,13770.03,72,310.78,82,444,52.2
2023/3/14,814,13770.03,72,310.78,82,444,52.2
2023/3/15,820,13630.41,72,310.78,82,444,52.2
2023/3/16,793,13630.41,72,310.78,82,444,52.2
2023/3/17,802,13630.41,72,310.78,82,444,52.2
2023/3/20,775.5,13682.88,76,303.31,82.29,444,52.2
2023/3/21,770,13682.88,76,303.31,82.29,444,52.2
2023/3/22,753,13606.92,76,303.31,82.29,444,52.2
2023/3/23,740.5,13606.92,76,303.31,82.29,444,52.2
2023/3/24,751.5,13606.92,76,303.31,82.29,444,52.2
2023/3/27,759,13604.66,67,303.34,82.73,444,52.2
2023/3/28,765,13604.66,67,303.34,82.73,444,52.2
2023/3/29,769,13465.85,67,303.34,82.73,444,52.2
2023/3/30,782.5,13465.85,67,303.34,82.73,444,52.2
2023/3/31,788,13465.85,67,303.34,82.73,306,54.4
2023/4/3,766.5,13461.24,65,315.849,83.87,306,54.4
2023/4/4,755.5,13461.24,65,315.849,83.87,306,54.4
2023/4/6,751,13402.34,65,315.849,83.87,306,54.4
2023/4/7,748.5,13402.34,65,315.849,83.87,306,54.4
2023/4/10,729,13152.98,71,323.28,84.3,306,54.4
2023/4/11,742.5,13152.98,71,323.28,84.3,306,54.4
2023/4/12,736.5,12969.28,71,323.28,84.3,306,54.4
2023/4/13,713.5,12969.28,71,323.28,84.3,306,54.4
2023/4/14,713,12969.28,71,323.28,84.3,306,54.4
2023/4/17,721,12911.51,71,319.23,84.74,306,54.4
2023/4/18,728,12911.51,71,319.23,84.74,306,54.4
2023/4/19,725.5,12961.93,71,319.23,84.74,306,54.4
2023/4/20,712.5,12961.93,71,319.23,84.74,306,54.4
2023/4/21,690,12961.93,71,319.23,84.74,306,54.4
2023/4/24,679,13034.54,72,320.18,84.59,306,54.4
2023/4/25,670,13034.54,72,320.18,84.59,306,54.4
2023/4/26,675.5,12934.66,72,320.18,84.59,306,54.4
2023/4/27,669.5,12934.66,72,320.18,84.59,306,54.4
2023/4/28,669,12934.66,72,320.18,84.59,306,54.4
2023/5/4,657.5,12886.99,57,324.16,82.56,85,50.9
2023/5/5,657.5,12886.99,57,324.16,82.56,85,50.9
2023/5/8,675.5,12736.28,70,303.16,81.69,85,50.9
2023/5/9,671,12736.28,70,303.16,81.69,85,50.9
2023/5/10,675.5,12708.86,70,303.16,81.69,85,50.9
2023/5/11,655,12708.86,70,303.16,81.69,85,50.9
2023/5/12,653.5,12708.86,70,303.16,81.69,85,50.9
2023/5/15,678,12600.06,74,297.52,81.1,85,50.9
2023/5/16,674,12600.06,74,297.52,81.1,85,50.9
2023/5/17,686,12742.3,74,297.52,81.1,85,50.9
2023/5/18,685,12742.3,74,297.52,81.1,85,50.9
2023/5/19,675,12742.3,74,297.52,81.1,85,50.9
2023/5/22,660.5,12786.21,72,286.91,82.36,85,50.9
2023/5/23,655,12786.21,72,286.91,82.36,85,50.9
2023/5/24,635.5,12779.15,72,286.91,82.36,85,50.9
2023/5/25,631.5,12779.15,72,286.91,82.36,85,50.9
2023/5/26,657.5,12779.15,72,286.91,82.36,85,50.9
2023/5/29,663,12793.83,71,291.705,82.36,85,50.9
2023/5/30,652.5,12793.83,71,291.705,82.36,85,50.9
2023/5/31,655,12664.6,71,291.705,82.36,216,46.4
2023/6/1,683.5,12664.6,71,291.705,82.36,216,46.4
2023/6/2,688,12664.6,71,291.705,82.36,216,46.4
2023/6/5,699.5,12752.54,58,290.99,82.36,216,46.4
2023/6/6,706.5,12752.54,58,290.99,82.36,216,46.4
2023/6/7,704,12615.99,58,290.99,82.36,216,46.4
2023/6/8,719.5,12615.99,58,290.99,82.36,216,46.4
2023/6/9,733.5,12615.99,58,290.99,82.36,216,46.4
2023/6/12,712.5,12622.26,73,300.84,82.36,216,46.4
2023/6/13,729.5,12622.26,73,300.84,82.36,216,46.4
2023/6/14,730.5,12763.78,73,300.84,82.36,216,46.4
2023/6/15,737,12763.78,73,300.84,82.36,216,46.4
2023/6/16,737,12763.78,73,300.84,82.36,216,46.4
2023/6/19,735.5,12849.94,67,296.17,83.09,216,46.4
2023/6/20,735.5,12849.94,67,296.17,83.09,216,46.4
2023/6/21,728.5,12759.07,67,296.17,83.09,216,46.4
2023/6/26,727,12759.07,71,303.82,84.09,216,46.4
2023/6/27,753.5,12759.07,71,303.82,84.09,216,46.4
2023/6/28,759,12752.58,71,303.82,84.09,216,46.4
2023/6/29,760,12752.58,71,303.82,84.09,216,46.4
2023/6/30,752,12752.58,71,303.82,84.09,227,40.8
2023/7/3,748.5,12742,78,308.31,84.09,227,40.8
2023/7/4,750.5,12742,78,308.31,84.09,227,40.8
2023/7/5,758,12713.57,78,308.31,84.09,227,40.8
2023/7/6,758,12713.57,78,308.31,84.09,227,40.8
2023/7/7,741.5,12713.57,78,308.31,84.09,227,40.8
2023/7/10,724.5,12638.56,81,313.42,84.48,227,40.8
2023/7/11,731.5,12638.56,81,313.42,84.48,227,40.8
2023/7/12,744,12505.31,81,313.42,84.48,227,40.8
2023/7/13,746,12505.31,81,313.42,84.48,227,40.8
2023/7/14,764,12505.31,81,313.42,84.48,227,40.8
2023/7/17,754.5,12495.17,84,315.8,84.33,227,40.8
2023/7/18,764,12495.17,84,315.8,84.33,227,40.8
2023/7/19,757.5,12499.75,84,315.8,84.33,227,40.8
2023/7/20,774.5,12499.75,84,315.8,84.33,227,40.8
2023/7/21,772,12499.75,84,315.8,84.33,227,40.8
2023/7/24,765.5,12540.56,64,313.85,83.6,227,40.8
2023/7/25,773.5,12540.56,64,313.85,83.6,227,40.8
2023/7/26,777.5,12549.26,64,313.85,83.6,227,40.8
2023/7/27,759,12549.26,64,313.85,83.6,227,40.8
2023/7/28,740,12549.26,64,313.85,83.6,227,40.8
2023/7/31,753,12451.96,56,313.73,82.14,257,45
2023/8/1,751,12451.96,56,313.73,82.14,257,45
2023/8/2,745.5,12331.69,56,313.73,82.14,257,45
2023/8/3,722,12331.69,56,313.73,82.14,257,45
2023/8/4,725.5,12331.69,56,313.73,82.14,257,45
2023/8/7,719.5,12290.36,60,300.75,83.36,257,45
2023/8/8,716,12290.36,60,300.75,83.36,257,45
2023/8/9,723,12082.9,60,300.75,83.36,257,45
2023/8/10,714.5,12082.9,60,300.75,83.36,257,45
2023/8/11,739,12082.9,60,300.75,83.36,257,45
2023/8/14,725,11945.91,102,316.85,83.8,257,45
2023/8/15,740,11945.91,102,316.85,83.8,257,45
2023/8/16,738.5,11980.99,102,316.85,83.8,257,45
2023/8/17,768.5,11980.99,102,316.85,83.8,257,45
2023/8/18,771.5,11980.99,102,316.85,83.8,257,45
2023/8/21,777,12050.99,67,326.72,84.09,257,45
2023/8/22,805.5,12050.99,67,326.72,84.09,257,45
2023/8/23,817,12001.12,67,326.72,84.09,257,45
2023/8/24,811,12001.12,67,326.72,84.09,257,45
2023/8/25,827,12001.12,67,326.72,84.09,257,45
2023/8/28,811,12032.48,77,328.19,83.36,257,45
2023/8/29,810.5,12032.48,77,328.19,83.36,257,45
2023/8/30,829,12100.96,77,328.19,83.36,257,45
2023/8/31,849,12100.96,77,328.19,83.36,148,52.4
2023/9/1,845.5,12100.96,77,328.19,83.36,148,52.4
2023/9/4,844.5,12126.76,62,311.6,84.09,148,52.4
2023/9/5,846.5,12126.76,62,311.6,84.09,148,52.4
2023/9/6,853.5,12019.67,62,311.6,84.09,148,52.4
2023/9/7,836.5,12019.67,62,311.6,84.09,148,52.4
2023/9/8,827.5,12019.67,62,311.6,84.09,148,52.4
2023/9/11,851.5,11867.87,76,312.41,84.39,148,52.4
2023/9/12,859,11867.87,76,312.41,84.39,148,52.4
2023/9/13,860.5,11798.62,76,312.41,84.39,148,52.4
2023/9/14,863.5,11798.62,76,312.41,84.39,148,52.4
2023/9/15,879,11798.62,76,312.41,84.39,148,52.4
2023/9/18,871.5,11865.75,63,323.79,84.07,148,52.4
2023/9/19,862.5,11865.75,63,323.79,84.07,148,52.4
2023/9/20,873.5,11671.49,63,323.79,84.07,148,52.4
2023/9/21,854,11671.49,63,323.79,84.07,148,52.4
2023/9/22,871.5,11671.49,63,323.79,84.07,148,52.4
2023/9/25,844.5,11592.61,71,339.13,84.47,148,52.4
2023/9/26,841,11592.61,71,339.13,84.47,148,52.4
2023/9/27,846.5,11527.69,71,339.13,84.47,148,52.4
2023/9/28,852,11527.69,71,339.13,84.47,148,52.4
2023/10/9,828,11527.69,57,343,83.41,157,56.5
2023/10/10,819,11527.69,57,343,83.41,157,56.5
2023/10/11,827.5,10961.86,57,343,83.41,157,56.5
2023/10/12,837,10961.86,57,343,83.41,157,56.5
2023/10/13,842,10961.86,57,343,83.41,157,56.5
2023/10/16,862,10845.6,79,323.09,82.2,157,56.5
2023/10/17,866,10845.6,79,323.09,82.2,157,56.5
2023/10/18,861,11180.12,79,323.09,82.2,157,56.5
2023/10/19,871.5,11180.12,79,323.09,82.2,157,56.5
2023/10/20,839,11180.12,79,323.09,82.2,157,56.5
2023/10/23,835,11041.51,72,310.25,82.34,157,56.5
2023/10/24,864.5,11041.51,72,310.25,82.34,157,56.5
2023/10/25,872,11014.36,72,310.25,82.34,157,56.5
2023/10/26,876.5,11014.36,72,310.25,82.34,157,56.5
2023/10/27,889.5,11014.36,72,310.25,82.34,157,56.5
2023/10/30,900,11137.16,86,293.85,82.49,157,56.5
2023/10/31,898.5,11137.16,86,293.85,82.49,158,59.4
2023/11/1,919.5,11143.96,86,293.85,82.49,158,59.4
2023/11/2,926.5,11143.96,86,293.85,82.49,158,59.4
2023/11/3,924.5,11143.96,86,293.85,82.49,158,59.4
2023/11/6,925,11293.41,82,296.12,80.12,158,59.4
2023/11/7,923.5,11293.41,82,296.12,80.12,158,59.4
2023/11/8,935,11237.41,82,296.12,80.12,158,59.4
2023/11/9,939,11237.41,82,296.12,80.12,158,59.4
2023/11/10,961.5,11237.41,82,296.12,80.12,158,59.4
2023/11/13,966.5,11308.55,59,302.59,81.01,158,59.4
2023/11/14,965.5,11308.55,59,302.59,81.01,158,59.4
2023/11/15,971.5,11274.29,59,302.59,81.01,158,59.4
2023/11/16,965,11274.29,59,302.59,81.01,158,59.4
2023/11/17,952,11274.29,59,302.59,81.01,158,59.4
2023/11/20,968,11226.9,79,302.44,79.67,158,59.4
2023/11/21,978.5,11226.9,79,302.44,79.67,158,59.4
2023/11/22,993.5,11260.92,79,302.44,79.67,158,59.4
2023/11/23,976.5,11260.92,79,302.44,79.67,158,59.4
2023/11/24,986.5,11260.92,79,302.44,79.67,158,59.4
2023/11/27,980.5,11309.1,91,301.54,80.12,158,59.4
2023/11/28,951,11309.1,91,301.54,80.12,158,59.4
2023/11/29,955.5,11273.33,91,301.54,80.12,158,59.4
2023/11/30,969.5,11273.33,91,301.54,80.12,186,52.6
2023/12/1,975.5,11273.33,91,301.54,80.12,186,52.6
2023/12/4,958,11497.66,70,305.78,80.86,186,52.6
2023/12/5,966,11497.66,70,305.78,80.86,186,52.6
2023/12/6,980,11613.94,70,305.78,80.86,186,52.6
2023/12/7,995,11613.94,70,305.78,80.86,186,52.6
2023/12/8,1013.5,11613.94,70,305.78,80.86,186,52.6
2023/12/11,1007,11814.97,89,299.06,78.75,186,52.6
2023/12/12,1021.5,11814.97,89,299.06,78.75,186,52.6
2023/12/13,1008,11640.61,89,299.06,78.75,186,52.6
2023/12/14,1004,11640.61,89,299.06,78.75,186,52.6
2023/12/15,1003,11640.61,89,299.06,78.75,186,52.6
2023/12/18,1000,11585.19,88,306.34,78.31,186,52.6
2023/12/19,993.5,11585.19,88,306.34,78.31,186,52.6
2023/12/20,1005.5,11687.44,88,306.34,78.31,186,52.6
2023/12/21,1029,11687.44,88,306.34,78.31,186,52.6
2023/12/22,1044,11687.44,88,306.34,78.31,186,52.6
2023/12/25,1039.5,11886.76,67,254.95,77.71,186,52.6
2023/12/26,1046.5,11886.76,67,254.95,77.71,186,52.6
2023/12/27,1045.5,11894.83,67,254.95,77.71,186,52.6
2023/12/28,1034,11894.83,67,254.95,77.71,186,52.6
2023/12/29,1037,11894.83,67,254.95,77.71,186,52.6
2024/1/2,1061,11991.73,92,298.14,75.19,141,50.7
2024/1/3,1076,11991.73,92,298.14,75.19,141,50.7
2024/1/4,1080,11991.73,92,298.14,75.19,141,50.7
2024/1/5,1085,11991.73,92,298.14,75.19,141,50.7
2024/1/8,1097,12244.75,99,305.28,75.63,141,50.7
2024/1/9,1085,12244.75,99,305.28,75.63,141,50.7
2024/1/10,1066,12430.24,99,305.28,75.63,141,50.7
2024/1/11,1068,12430.24,99,305.28,75.63,141,50.7
2024/1/12,1030,12430.24,99,305.28,75.63,141,50.7
2024/1/15,1062,12621.11,91,312.81,76.08,141,50.7
2024/1/16,813,12621.11,91,312.81,76.08,141,50.7
2024/1/17,801.5,12617.22,91,312.81,76.08,141,50.7
2024/1/18,817.5,12617.22,91,312.81,76.08,141,50.7
2024/1/19,825,12617.22,91,312.81,76.08,141,50.7
2024/1/22,820.5,12641.9,98,319.21,76.23,141,50.7
2024/1/23,830.5,12641.9,98,319.21,76.23,141,50.7
2024/1/24,839.5,12667.64,98,319.21,76.23,141,50.7
2024/1/25,857.5,12667.64,98,319.21,76.23,141,50.7
2024/1/26,857,12667.64,98,319.21,76.23,141,50.7
2024/1/29,865,12762.4,78,307.75,76.82,141,50.7
2024/1/30,850.5,12762.4,78,307.75,76.82,141,50.7
2024/1/31,835,12943.36,78,307.75,76.82,269,51.5
2024/2/1,848.5,12943.36,78,307.75,76.82,269,51.5
2024/2/2,822,12943.36,78,307.75,76.82,269,51.5
2024/2/5,826,12946.22,87,304.6,76.52,269,51.5
2024/2/6,825,12946.22,87,304.6,76.52,269,51.5
2024/2/7,824.5,13130.79,87,304.6,76.52,269,51.5
2024/2/8,840,13130.79,87,304.6,76.52,269,51.5
2024/2/19,833,13130.79,93,303.48,76.37,269,51.5
2024/2/20,799,13130.79,93,303.48,76.37,269,51.5
2024/2/21,785,13676.14,93,303.48,76.37,269,51.5
2024/2/22,790,13676.14,93,303.48,76.37,269,51.5
2024/2/23,793.5,13676.14,93,303.48,76.37,269,51.5
2024/2/26,770.5,13603.39,67,269.65,75.63,269,51.5
2024/2/27,786,13603.39,67,269.65,75.63,269,51.5
2024/2/28,777,13774.19,67,269.65,75.63,269,51.5
2024/2/29,778.5,13774.19,67,269.65,75.63,119,50.4
2024/3/1,761,13774.19,67,269.65,75.63,119,50.4
2024/3/4,780,13892.68,87,293.07,75.19,119,50.4
2024/3/5,774,13892.68,87,293.07,75.19,119,50.4
2024/3/6,789.5,13861.44,87,293.07,75.19,119,50.4
2024/3/7,800,13861.44,87,293.07,75.19,119,50.4
2024/3/8,795,13861.44,87,293.07,75.19,119,50.4
2024/3/11,760,14150.54,70,295.08,75.6,119,50.4
2024/3/12,770,14150.54,70,295.08,75.6,119,50.4
2024/3/13,757.5,14187.88,70,295.08,75.6,119,50.4
2024/3/14,748,14187.88,70,295.08,75.6,119,50.4
2024/3/15,731.5,14187.88,70,295.08,75.6,119,50.4
2024/3/18,749,14285.45,69,300.75,76.15,119,50.4
2024/3/19,761,14285.45,69,300.75,76.15,119,50.4
2024/3/20,757.5,14245.71,69,300.75,76.15,119,50.4
2024/3/21,776.5,14245.71,69,300.75,76.15,119,50.4
2024/3/22,772,14245.71,69,300.75,76.15,119,50.4
2024/3/25,768.5,14365.81,84,295.9,76.9,119,50.4
2024/3/26,738.5,14365.81,84,295.9,76.9,119,50.4
2024/3/27,724,14469.17,84,295.9,76.9,119,50.4
2024/3/28,726,14469.17,84,295.9,76.9,119,50.4
2024/3/29,714.5,14469.17,84,295.9,76.9,119,50.4
2024/4/1,736,14431.2,78,289.88,76.6,222,50.1
2024/4/2,737,14431.2,78,289.88,76.6,222,50.1
2024/4/3,722,14385.89,78,289.88,76.6,222,50.1
2024/4/8,757.5,14385.89,67,291.31,77.81,222,50.1
2024/4/9,778.5,14385.89,67,291.31,77.81,222,50.1
2024/4/10,777.5,14466.31,67,291.31,77.81,222,50.1
2024/4/11,788,14466.31,67,291.31,77.81,222,50.1
2024/4/12,801.5,14466.31,67,291.31,77.81,222,50.1
2024/4/15,802,14487.38,80,302.15,78.41,222,50.1
2024/4/16,786.5,14487.38,80,302.15,78.41,222,50.1
2024/4/17,824.5,14656.54,80,302.15,78.41,222,50.1
2024/4/18,831,14656.54,80,302.15,78.41,222,50.1
2024/4/19,828.5,14656.54,80,302.15,78.41,222,50.1
2024/4/22,824.5,14559.47,69,300.8,78.86,222,50.1
2024/4/23,811.5,14559.47,69,300.8,78.86,222,50.1
2024/4/24,845.5,14570.25,69,300.8,78.86,222,50.1
2024/4/25,842,14570.25,69,300.8,78.86,222,50.1
2024/4/26,847.5,14570.25,69,300.8,78.86,222,50.1
2024/4/29,841.5,14759.11,69,300.96,79.73,222,50.1
2024/4/30,843.5,14759.11,69,300.96,79.73,246,50.5
2024/5/6,863.5,14766.34,76,300.96,80.6,246,50.5
2024/5/7,859.5,14766.34,76,300.96,80.6,246,50.5
2024/5/8,840.5,14640.62,76,300.96,80.6,246,50.5
2024/5/9,839.5,14640.62,76,300.96,80.6,246,50.5
2024/5/10,846,14640.62,76,300.96,80.6,246,50.5
2024/5/13,857,14675.23,75,302.69,81.5,246,50.5
2024/5/14,837.5,14675.23,75,302.69,81.5,246,50.5
2024/5/15,831.5,14751.78,75,302.69,81.5,246,50.5
2024/5/16,852,14751.78,75,302.69,81.5,246,50.5
2024/5/17,864,14751.78,75,302.69,81.5,246,50.5
2024/5/20,875.5,14805.79,89,306.98,81.5,246,50.5
2024/5/21,890,14805.79,89,306.98,81.5,246,50.5
2024/5/22,908.5,14740,89,306.98,81.5,246,50.5
2024/5/23,891.5,14740,89,306.98,81.5,246,50.5
2024/5/24,895.5,14740,89,306.98,81.5,246,50.5
2024/5/27,882.5,14855.32,75,298.96,81.5,246,50.5
2024/5/28,866,14855.32,75,298.96,81.5,246,50.5
2024/5/29,874.5,14816.73,75,298.96,81.5,246,50.5
2024/5/30,838.5,14816.73,75,298.96,81.5,246,50.5
2024/5/31,840.5,14816.73,75,298.96,81.5,118,54
2024/6/3,820.5,14859.71,80,313.51,81.65,118,54
2024/6/4,815.5,14859.71,80,313.51,81.65,118,54
2024/6/5,807,14848.06,80,313.51,81.65,118,54
2024/6/6,820.5,14848.06,80,313.51,81.65,118,54
2024/6/7,820.5,14848.06,80,313.51,81.65,118,54
2024/6/11,787.5,14927.76,72,312.82,81.5,118,54
2024/6/12,791.5,14867.55,72,312.82,81.5,118,54
2024/6/13,799,14867.55,72,312.82,81.5,118,54
2024/6/14,807,14867.55,72,312.82,81.5,118,54
2024/6/17,792.5,14892.62,76,309.38,82.05,118,54
2024/6/18,797,14892.62,76,309.38,82.05,118,54
2024/6/19,801,14745.16,76,309.38,82.05,118,54
2024/6/20,801.5,14745.16,76,309.38,82.05,118,54
2024/6/21,791.5,14745.16,76,309.38,82.05,118,54
2024/6/24,774,14883.27,70,311.52,82.81,118,54
2024/6/25,780,14883.27,70,311.52,82.81,118,54
2024/6/26,804.5,14846.2,70,311.52,82.81,118,54
2024/6/27,798,14846.2,70,311.52,82.81,118,54
2024/6/28,803.5,14846.2,70,311.52,82.81,118,54
2024/7/1,821,14926.32,86,307.78,83.11,193,56.9
2024/7/2,826,14926.32,86,307.78,83.11,193,56.9
2024/7/3,849,14915.41,86,307.78,83.11,193,56.9
2024/7/4,850.5,14915.41,86,307.78,83.11,193,56.9
2024/7/5,828,14915.41,86,307.78,83.11,193,56.9
2024/7/8,808.5,14988.66,92,309.47,82.81,193,56.9
2024/7/9,817.5,14988.66,92,309.47,82.81,193,56.9
2024/7/10,795.5,14939.13,92,309.47,82.81,193,56.9
2024/7/11,811.5,14939.13,92,309.47,82.81,193,56.9
2024/7/12,810.5,14939.13,92,309.47,82.81,193,56.9
2024/7/15,815,14988.89,90,309.88,82.5,193,56.9
2024/7/16,806,14988.89,90,309.88,82.5,193,56.9
2024/7/17,782.5,14973.2,90,309.88,82.5,193,56.9
2024/7/18,791.5,14973.2,90,309.88,82.5,193,56.9
2024/7/19,783.5,14973.2,90,309.88,82.5,193,56.9
2024/7/22,776.5,15131.01,76,309.72,82.63,193,56.9
2024/7/23,755.5,15131.01,76,309.72,82.63,193,56.9
2024/7/24,756.5,15127.79,76,309.72,82.63,193,56.9
2024/7/25,748,15127.79,76,309.72,82.63,193,56.9
2024/7/26,765,15127.79,76,309.72,82.63,193,56.9
2024/7/29,763,15279.94,60,321.14,82.33,193,56.9
2024/7/30,737.5,15279.94,60,321.14,82.33,193,56.9
2024/7/31,749,15078.28,60,321.14,82.33,87,51.7
2024/8/1,767,15078.28,60,321.14,82.33,87,51.7
2024/8/2,779,15078.28,60,321.14,82.33,87,51.7
2024/8/5,776.5,15090.31,84,298.39,81.28,87,51.7
2024/8/6,763,15090.31,84,298.39,81.28,87,51.7
2024/8/7,749,14966.43,84,298.39,81.28,87,51.7
2024/8/8,729.5,14966.43,84,298.39,81.28,87,51.7
2024/8/9,741.5,14966.43,84,298.39,81.28,87,51.7
2024/8/12,734,15043.96,74,308.02,80.21,87,51.7
2024/8/13,734.5,15043.96,74,308.02,80.21,87,51.7
2024/8/14,713,14934.92,74,308.02,80.21,87,51.7
2024/8/15,703.5,14934.92,74,308.02,80.21,87,51.7
2024/8/16,697,14934.92,74,308.02,80.21,87,51.7
2024/8/19,712,15035.1,72,321.82,78.84,87,51.7
2024/8/20,710.5,15035.1,72,321.82,78.84,87,51.7
2024/8/21,742,14998.66,72,321.82,78.84,87,51.7
2024/8/22,730,14998.66,72,321.82,78.84,87,51.7
2024/8/23,719.5,14998.66,72,321.82,78.84,87,51.7
2024/8/26,750.5,15032.52,70,302.63,77.47,87,51.7
2024/8/27,758,15032.52,70,302.63,77.47,87,51.7
2024/8/28,754.5,15157.21,70,302.63,77.47,87,51.7
2024/8/29,760,15157.21,70,302.63,77.47,87,51.7
2024/8/30,754,15157.21,70,302.63,77.47,87,51.7
2024/9/2,723.5,15372.38,73,299.99,76.41,88,49.9
2024/9/3,703.5,15372.38,73,299.99,76.41,88,49.9
2024/9/4,689.5,15331.87,73,299.99,76.41,88,49.9
2024/9/5,678.5,15331.87,73,299.99,76.41,88,49.9
2024/9/6,684,15331.87,73,299.99,76.41,88,49.9
2024/9/9,685,15408.95,78,302.74,77.63,88,49.9
2024/9/10,675,15408.95,78,302.74,77.63,88,49.9
2024/9/11,694,15426.82,78,302.74,77.63,88,49.9
2024/9/12,707,15426.82,78,302.74,77.63,88,49.9
2024/9/13,694,15426.82,78,302.74,77.63,88,49.9
2024/9/18,675,15383.54,67,311.6,77.63,88,49.9
2024/9/19,693,15383.54,67,311.6,77.63,88,49.9
2024/9/20,680,15383.54,67,311.6,77.63,88,49.9
2024/9/23,658.5,15311.85,77,302.15,78.23,88,49.9
2024/9/24,699.5,15311.85,77,302.15,78.23,88,49.9
2024/9/25,709,15188.04,77,302.15,78.23,88,49.9
2024/9/26,728,15188.04,77,302.15,78.23,88,49.9
2024/9/27,750,15188.04,77,302.15,78.23,88,49.9
2024/9/30,821.5,15052.92,97,326.3,78.23,71,43.2
2024/10/8,783.5,15052.92,58,326.3,79.57,71,43.2
2024/10/9,777.5,14952.71,58,326.3,79.57,71,43.2
2024/10/10,775.5,14952.71,58,326.3,79.57,71,43.2
2024/10/11,789,14952.71,58,326.3,79.57,71,43.2
2024/10/14,800.5,15105.93,101,325.01,80.79,71,43.2
2024/10/15,791.5,15105.93,101,325.01,80.79,71,43.2
2024/10/16,782.5,15178.6,101,325.01,80.79,71,43.2
2024/10/17,746,15178.6,101,325.01,80.79,71,43.2
2024/10/18,760.5,15178.6,101,325.01,80.79,71,43.2
2024/10/21,769.5,15297.53,78,325.9,81.68,71,43.2
2024/10/22,762,15297.53,78,325.9,81.68,71,43.2
2024/10/23,746,15258.11,78,325.9,81.68,71,43.2
2024/10/24,755,15258.11,78,325.9,81.68,71,43.2
2024/10/25,769.5,15258.11,78,325.9,81.68,71,43.2
2024/10/28,783.5,15341.68,79,323.34,82.14,71,43.2
2024/10/29,777.5,15341.68,79,323.34,82.14,71,43.2
2024/10/30,785.5,15482.35,79,323.34,82.14,71,43.2
2024/10/31,781.5,15482.35,79,323.34,82.14,240,45.1
2024/11/1,770.5,15482.35,79,323.34,82.14,240,45.1
2024/11/4,779,15419.98,67,320.12,82.44,240,45.1
2024/11/5,791,15419.98,67,320.12,82.44,240,45.1
2024/11/6,781.5,15351.3,67,320.12,82.44,240,45.1
2024/11/7,799.5,15351.3,67,320.12,82.44,240,45.1
2024/11/8,776,15351.3,67,320.12,82.44,240,45.1
2024/11/11,762,15269.06,76,314.39,82.29,240,45.1
2024/11/12,766,15269.06,76,314.39,82.29,240,45.1
2024/11/13,762.5,15187.6,76,314.39,82.29,240,45.1
2024/11/14,756,15187.6,76,314.39,82.29,240,45.1
2024/11/15,736,15187.6,76,314.39,82.29,240,45.1
2024/11/18,761,15280.51,91,325.66,82.08,240,45.1
2024/11/19,776,15280.51,91,325.66,82.08,240,45.1
2024/11/20,774.5,15267.7,91,325.66,82.08,240,45.1
2024/11/21,777.5,15267.7,91,325.66,82.08,240,45.1
2024/11/22,769,15267.7,91,325.66,82.08,240,45.1
2024/11/25,781.5,15319.38,67,326.98,81.93,240,45.1
2024/11/26,783,15319.38,67,326.98,81.93,240,45.1
2024/11/27,792,15176.98,67,326.98,81.93,240,45.1
2024/11/28,786.5,15176.98,67,326.98,81.93,240,45.1
2024/11/29,797.5,15176.98,67,326.98,81.93,240,45.1
2024/12/2,806,15046.89,68,335.87,81.62,44,53.4
2024/12/3,813.5,15046.89,68,335.87,81.62,44,53.4
2024/12/4,812,15032.38,68,335.87,81.62,44,53.4
2024/12/5,800.5,15032.38,68,335.87,81.62,44,53.4
2024/12/6,797.5,15032.38,68,335.87,81.62,44,53.4
2024/12/9,808.5,15036.59,71,323.37,81.47,44,53.4
2024/12/10,817,15036.59,71,323.37,81.47,44,53.4
2024/12/11,809.5,15081.53,71,323.37,81.47,44,53.4
2024/12/12,818.5,15081.53,71,323.37,81.47,44,53.4
2024/12/13,809,15081.53,71,323.37,81.47,44,53.4
2024/12/16,810.5,15067.37,73,337.13,80.55,44,53.4
2024/12/17,808,15067.37,73,337.13,80.55,44,53.4
2024/12/18,792,14973.86,73,337.13,80.55,44,53.4
2024/12/19,790,14973.86,73,337.13,80.55,44,53.4
2024/12/20,783,14973.86,73,337.13,80.55,44,53.4
2024/12/23,790,14974.48,56,324.25,79.63,44,53.4
2024/12/24,793,14974.48,56,324.25,79.63,44,53.4
2024/12/25,785.5,14873.43,56,324.25,79.63,44,53.4
2024/12/26,785.5,14873.43,56,324.25,79.63,44,53.4
2024/12/27,771,14873.43,56,324.25,79.63,44,53.4
2024/12/30,783,14863.06,70,324.21,78.71,44,53.4
2024/12/31,776,14863.06,70,324.21,78.71,261,49.8
2025/1/2,780,14904.03,70,324.21,78.71,261,49.8
2025/1/3,766,14904.03,70,324.21,78.71,261,49.8
2025/1/6,762,14876.94,86,318.26,78.1,261,49.8
2025/1/7,757,14876.94,86,318.26,78.1,261,49.8
2025/1/8,750.5,14972.91,86,318.26,78.1,261,49.8
2025/1/9,763,14972.91,86,318.26,78.1,261,49.8
2025/1/10,770,14972.91,86,318.26,78.1,261,49.8
2025/1/13,777.5,15002.96,77,326.27,77.18,261,49.8
2025/1/14,771.5,15002.96,77,326.27,77.18,261,49.8
2025/1/15,773,15005.16,77,326.27,77.18,261,49.8
2025/1/16,761,15005.16,77,326.27,77.18,261,49.8
2025/1/17,764.5,15005.16,77,326.27,77.18,261,49.8
2025/1/20,758,15056.05,65,332.39,77.18,261,49.8
2025/1/21,759,15056.05,65,332.39,77.18,261,49.8
2025/1/22,750.5,14908.81,65,332.39,77.18,261,49.8
2025/1/23,746.5,14908.81,65,332.39,77.18,261,49.8
2025/1/24,751,14908.81,65,332.39,77.18,261,49.8
2025/1/27,750.5,14934.31,88,330.13,77.98,261,49.8
2025/2/5,740.5,14934.31,55,330.13,77.98,323,48.2
2025/2/6,755.5,14934.31,55,330.13,77.98,323,48.2
2025/2/7,756.5,14934.31,55,330.13,77.98,323,48.2
2025/2/10,763,15367.68,65,268.67,77.98,323,48.2
2025/2/11,747.5,15367.68,65,268.67,77.98,323,48.2
2025/2/12,760,15216.54,65,268.67,77.98,323,48.2
2025/2/13,740.5,15216.54,65,268.67,77.98,323,48.2
2025/2/14,739,15216.54,65,268.67,77.98,323,48.2
2025/2/17,744,15392.53,70,281.49,77.98,323,48.2
2025/2/18,750.5,15392.53,70,281.49,77.98,323,48.2
2025/2/19,755,15348.6,70,281.49,77.98,323,48.2
2025/2/20,768,15348.6,70,281.49,77.98,323,48.2
2025/2/21,768,15348.6,70,281.49,77.98,323,48.2
2025/2/24,764.5,15339.54,78,297.66,77.68,323,48.2
2025/2/25,750,15339.54,78,297.66,77.68,323,48.2
2025/2/26,751,15309.92,78,297.66,77.68,323,48.2
2025/2/27,740,15309.92,78,297.66,77.68,323,48.2
2025/2/28,734,15309.92,78,297.66,77.68,111,49.5
2025/3/3,717,15221.4,49,298.83,78.29,111,49.5
2025/3/4,718.5,15221.4,49,298.83,78.29,111,49.5
2025/3/5,715,14726.04,49,298.83,78.29,111,49.5
2025/3/6,714.5,14726.04,49,298.83,78.29,111,49.5
2025/3/7,712,14726.04,49,298.83,78.29,111,49.5
2025/3/10,708.5,14577.88,59,303.65,79.51,111,49.5
2025/3/11,710,14577.88,59,303.65,79.51,111,49.5
2025/3/12,707.5,14324.8,59,303.65,79.51,111,49.5
2025/3/13,713.5,14324.8,59,303.65,79.51,111,49.5
2025/3/14,726,14324.8,59,303.65,79.51,111,49.5
2025/3/17,715,14420.85,81,308.58,80.58,111,49.5
2025/3/18,714.5,14420.85,81,308.58,80.58,111,49.5
2025/3/19,704,14420.06,81,308.58,80.58,111,49.5
2025/3/20,705,14420.06,81,308.58,80.58,111,49.5
2025/3/21,699.5,14420.06,81,308.58,80.58,111,49.5
2025/3/24,717,14462.49,79,302.61,81.96,111,49.5
2025/3/25,713.5,14462.49,79,302.61,81.96,111,49.5
2025/3/26,716,14487.54,79,302.61,81.96,111,49.5
2025/3/27,725,14487.54,79,302.61,81.96,111,49.5
2025/3/28,725,14487.54,79,302.61,81.96,111,49.5
2025/3/31,712,14520.4,65,313.21,82.11,102,50.8
2025/4/1,726.5,14520.4,65,313.21,82.11,102,50.8
2025/4/2,726,14571.37,65,313.21,82.11,102,50.8
2025/4/3,721.5,14571.37,65,313.21,82.11,102,50.8
2025/4/7,699.5,14571.37,64,317.56,83.13,102,50.8
2025/4/8,673,14571.37,64,317.56,83.13,102,50.8
2025/4/9,669,14453.39,64,317.56,83.13,102,50.8
2025/4/10,685.5,14453.39,64,317.56,83.13,102,50.8
2025/4/11,683.5,14453.39,64,317.56,83.13,102,50.8
2025/4/14,679.5,14341.02,72,318.05,83.28,102,50.8
2025/4/15,684.5,14341.02,72,318.05,83.28,102,50.8
2025/4/16,679.5,14191.45,72,318.05,83.28,102,50.8
2025/4/17,679,14191.45,72,318.05,83.28,102,50.8
2025/4/18,673,14191.45,72,318.05,83.28,102,50.8
2025/4/21,687,14056,73,309.51,83.56,102,50.8
2025/4/22,684.5,14056,73,309.51,83.56,102,50.8
2025/4/23,698.5,14181.41,73,309.51,83.56,102,50.8
2025/4/24,693,14181.41,73,309.51,83.56,102,50.8
2025/4/25,683,14181.41,73,309.51,83.56,102,50.8
2025/4/28,684,14261,72,327.92,84.33,102,50.8
2025/4/29,684.5,14261,72,327.92,84.33,102,50.8
2025/4/30,679,14352.63,72,327.92,84.33,120,49.8
2025/5/6,679.5,14352.63,78,331.84,84.33,120,49.8
2025/5/7,681,14352.63,78,331.84,84.33,120,49.8
2025/5/8,668,14352.63,78,331.84,84.33,120,49.8
2025/5/9,670,14352.63,78,331.84,84.33,120,49.8
2025/5/12,687,14238.71,81,315.21,84.62,120,49.8
2025/5/13,684.5,14238.71,81,315.21,84.62,120,49.8
2025/5/14,699.5,14340.88,81,315.21,84.62,120,49.8
2025/5/15,698,14340.88,81,315.21,84.62,120,49.8
2025/5/16,691.5,14340.88,81,315.21,84.62,120,49.8
2025/5/19,687,14166.09,66,323.89,84.15,120,49.8
2025/5/20,688.5,14166.09,66,323.89,84.15,120,49.8
2025/5/21,693,14055.63,66,323.89,84.15,120,49.8
2025/5/22,691.5,14055.63,66,323.89,84.15,120,49.8
2025/5/23,682.5,14055.63,66,323.89,84.15,120,49.8
2025/5/26,671.5,13987.83,66,327.09,83.69,120,49.8
2025/5/27,664,13987.83,66,327.09,83.69,120,49.8
2025/5/28,664,13858.79,66,327.09,83.69,120,49.8
2025/5/29,670,13858.79,66,327.09,83.69,120,49.8
2025/5/30,666.5,13858.79,66,327.09,83.69,120,49.8
2025/6/3,658.5,13866.58,85,326.68,83.87,158,47
2025/6/4,666,13866.58,85,326.68,83.87,158,47
2025/6/5,665,13866.58,85,326.68,83.87,158,47
2025/6/6,671.5,13866.58,85,326.68,83.87,158,47
2025/6/9,666.5,13826.69,84,313.99,83.56,158,47
2025/6/10,663.5,13826.69,84,313.99,83.56,158,47
2025/6/11,674,13846.94,84,313.99,83.56,158,47
2025/6/12,671,13846.94,84,313.99,83.56,158,47
2025/6/13,672.5,13846.94,84,313.99,83.56,158,47
2025/6/16,675,13933.14,70,301.25,83.41,158,47
2025/6/17,670,13933.14,70,301.25,83.41,158,47
2025/6/18,670.5,13880.64,70,301.25,83.41,158,47
2025/6/19,672,13880.64,70,301.25,83.41,158,47
2025/6/20,674,13880.64,70,301.25,83.41,158,47
2025/6/23,678,13894.16,74,313.56,83.82,158,47
2025/6/24,676.5,13894.16,74,313.56,83.82,158,47
2025/6/25,676.5,13968.02,74,313.56,83.82,158,47
2025/6/26,679.5,13968.02,74,313.56,83.82,158,47
2025/6/27,689.5,13968.02,74,313.56,83.82,158,47
2025/6/30,690,13930.23,72,325.94,83.82,19,46.9
2025/7/1,685,13930.23,72,325.94,83.82,19,46.9
2025/7/2,696.5,13869.81,72,325.94,83.82,19,46.9
2025/7/3,707,13869.81,72,325.94,83.82,19,46.9
2025/7/4,707,13869.81,72,325.94,83.82,19,46.9
2025/7/7,704,13878.4,81,319.29,83.46,19,46.9
2025/7/8,707,13878.4,81,319.29,83.46,19,46.9
2025/7/9,710,13822.73,81,319.29,83.46,19,46.9
2025/7/10,735.5,13822.73,81,319.29,83.46,19,46.9
2025/7/11,736.5,13822.73,81,319.29,83.46,19,46.9
2025/7/14,736.5,13765.89,73,319.51,83.15,19,46.9
2025/7/15,738.5,13765.89,73,319.51,83.15,19,46.9
2025/7/16,741.5,13723.11,73,319.51,83.15,19,46.9
2025/7/17,752.5,13723.11,73,319.51,83.15,19,46.9
2025/7/18,753,13723.11,73,319.51,83.15,19,46.9
2025/7/21,776.5,13785.21,81,322.74,83.46,19,46.9
2025/7/22,793.5,13785.21,81,322.74,83.46,19,46.9
2025/7/23,784,13783.86,81,322.74,83.46,19,46.9
2025/7/24,783.5,13783.86,81,322.74,83.46,19,46.9
2025/7/25,772.5,13783.86,81,322.74,83.46,19,46.9
2025/7/28,757,13790.38,65,315.15,83.46,19,46.9
2025/7/29,770.5,13790.38,65,315.15,83.46,19,46.9
2025/7/30,766,13686.23,65,315.15,83.46,19,46.9
2025/7/31,753.5,13686.23,65,315.15,83.46,-13,48.4
2025/8/1,757,13686.23,65,315.15,83.46,-13,48.4
2025/8/4,766,13657.9,73,302.71,83.46,-13,48.4
2025/8/5,778,13657.9,73,302.71,83.46,-13,48.4
2025/8/6,777.5,13740.97,73,302.71,83.46,-13,48.4
2025/8/7,774.5,13740.97,73,302.71,83.46,-13,48.4
2025/8/8,773.5,13740.97,73,302.71,83.46,-13,48.4
2025/8/11,789,13712.27,67,321.85,83.75,-13,48.4
2025/8/12,801,13712.27,67,321.85,83.75,-13,48.4
2025/8/13,795,13806.08,67,321.85,83.75,-13,48.4
2025/8/14,775,13806.08,67,321.85,83.75,-13,48.4
2025/8/15,776,13806.08,67,321.85,83.75,-13,48.4
2025/8/18,772,13819.27,77,334.67,83.59,-13,48.4
2025/8/19,771,13819.27,77,334.67,83.59,-13,48.4
2025/8/20,769,13856.4,77,334.67,83.59,-13,48.4
2025/8/21,772.5,13856.4,77,334.67,83.59,-13,48.4
2025/8/22,770,13856.4,77,334.67,83.59,-13,48.4
2025/8/25,787,13845.2,67,325.74,83.36,-13,48.4
2025/8/26,776.5,13845.2,67,325.74,83.36,-13,48.4
2025/8/27,775.5,13798.68,67,325.74,83.36,-13,48.4
2025/8/28,790.5,13798.68,67,325.74,83.36,-13,48.4
2025/8/29,787.5,13798.68,67,325.74,83.36,-13,48.4
